breed,meta.id,age,color,heading,xcor,ycor,label,label-color,shape,hidden?,size,pen-size,pen-mode,biological.sex,life.history,female.fertility,energy.supply,group.identity,is.alive,yellow.signal,red.signal,blue.signal,my.mother,chromosome.I,chromosome.II,identity.I,identity.II,living.chance,body.size,body.shade,swallow.capacity,mutation.chance,sex.ratio,litter.size,conception.chance,day.perception.angle,night.perception.angle,audio.perception.angle,day.perception.range,night.perception.range,audio.perception.range,vocal.range,yellow.chance,red.chance,blue.chance,birthing.chance,weaning.chance,infancy.chance,juvenility.chance,adulthood.chance,senescency.chance,x.magnitude,y.magnitude,carried.items
anima1s,1142561,,15,183.4812445,29,27, ,0,circle,FALSE,0.9,1,up,female,adult,cycling,1000,85415,TRUE,FALSE,FALSE,FALSE,nobody,"true,e,e,maintain-body,0.03
true,e,on,move-toward,0.01
true,e,on,move-away-from,0.01
true,e,ou,move-away-from,0.1
true,a,d,eat,5.0E-7
true,a,e,set-heading-random,0.025
true,a,e,go-forward,0.025
true,ac,am,mate-with,5.0E-4
true,am,ac,mate-with,5.0E-4
true,ac,am,move-toward,5.0E-5
true,am,ac,move-toward,5.0E-5
true,g,pkv,demand-from,5.0E-7
true,ap,gyv,supply-to,5.0E-6
true,g,e,body-size,1.0E-4
true,g,e,check-infancy,5.0E-4
true,ap,e,check-birth,5.0E-4
true,i,lkv,demand-from,5.0E-7
true,al,iyv,supply-to,5.0E-6
true,i,e,body-size,0.0015
true,i,e,stomach-size,5.0E-4
true,i,e,day-perception-range,2.5E-4
true,i,e,day-perception-angle,2.5E-4
true,i,e,check-juvenility,2.5E-4
true,al,e,check-weaning,2.5E-4
true,acf,jyv,put-down,5.0E-6
true,j,d,eat,5.0E-7
true,j,e,set-heading-random,0.025
true,j,e,go-forward,0.0025
true,j,e,grow-body,5.0E-5
true,j,e,check-adulthood,5.0E-4
true,j,e,conception-chance,5.0E-4","true,e,e,maintain-body,0.03
true,a,d,eat,5.0E-7
true,a,e,set-heading-random,0.025
true,a,e,go-forward,0.025
true,ac,am,mate-with,5.0E-4
true,am,ac,mate-with,5.0E-4
true,ac,am,move-toward,5.0E-5
true,am,ac,move-toward,5.0E-5
true,g,pkv,demand-from,5.0E-7
true,ap,gyv,supply-to,5.0E-6
true,g,e,body-size,1.0E-4
true,g,e,check-infancy,5.0E-4
true,ap,e,check-birth,5.0E-4
true,i,lkv,demand-from,5.0E-7
true,al,iyv,supply-to,5.0E-6
true,i,e,body-size,0.0015
true,i,e,stomach-size,5.0E-4
true,i,e,day-perception-range,2.5E-4
true,i,e,day-perception-angle,2.5E-4
true,i,e,check-juvenility,2.5E-4
true,al,e,check-weaning,2.5E-4
true,acf,jyv,put-down,5.0E-6
true,j,d,eat,5.0E-7
true,j,e,set-heading-random,0.025
true,j,e,go-forward,0.0025
true,j,e,grow-body,5.0E-5
true,j,e,check-adulthood,5.0E-4
true,j,e,conception-chance,5.0E-4",YUQIDXADAT,NUOGDYJHND,0.999999999,0.9,0.7,0.1,0.15,0.5,0,0.999,0.999990291,0.999954892,1.00E-05,0.983739506,0.011767117,1.00E-05,1.00E-05,0,0,0,0,0,1.00E-05,1.25E-05,0.00979394,,-0.001,0.001,
anima1s,5572083,,15,309.2810772,25,25, ,0,circle,FALSE,0.9,1,up,female,adult,cycling,1000,85415,TRUE,FALSE,FALSE,FALSE,nobody,"true,e,e,maintain-body,0.03
true,e,on,move-toward,0.01
true,e,on,move-away-from,0.01
true,e,ou,move-away-from,0.1
true,a,d,eat,5.0E-7
true,a,e,set-heading-random,0.025
true,a,e,go-forward,0.025
true,ac,am,mate-with,5.0E-4
true,am,ac,mate-with,5.0E-4
true,ac,am,move-toward,5.0E-5
true,am,ac,move-toward,5.0E-5
true,g,pkv,demand-from,5.0E-7
true,ap,gyv,supply-to,5.0E-6
true,g,e,body-size,1.0E-4
true,g,e,check-infancy,5.0E-4
true,ap,e,check-birth,5.0E-4
true,i,lkv,demand-from,5.0E-7
true,al,iyv,supply-to,5.0E-6
true,i,e,body-size,0.0015
true,i,e,stomach-size,5.0E-4
true,i,e,day-perception-range,2.5E-4
true,i,e,day-perception-angle,2.5E-4
true,i,e,check-juvenility,2.5E-4
true,al,e,check-weaning,2.5E-4
true,acf,jyv,put-down,5.0E-6
true,j,d,eat,5.0E-7
true,j,e,set-heading-random,0.025
true,j,e,go-forward,0.0025
true,j,e,grow-body,5.0E-5
true,j,e,check-adulthood,5.0E-4
true,j,e,conception-chance,5.0E-4","true,e,e,maintain-body,0.03
true,a,d,eat,5.0E-7
true,a,e,set-heading-random,0.025
true,a,e,go-forward,0.025
true,ac,am,mate-with,5.0E-4
true,am,ac,mate-with,5.0E-4
true,ac,am,move-toward,5.0E-5
true,am,ac,move-toward,5.0E-5
true,g,pkv,demand-from,5.0E-7
true,ap,gyv,supply-to,5.0E-6
true,g,e,body-size,1.0E-4
true,g,e,check-infancy,5.0E-4
true,ap,e,check-birth,5.0E-4
true,i,lkv,demand-from,5.0E-7
true,al,iyv,supply-to,5.0E-6
true,i,e,body-size,0.0015
true,i,e,stomach-size,5.0E-4
true,i,e,day-perception-range,2.5E-4
true,i,e,day-perception-angle,2.5E-4
true,i,e,check-juvenility,2.5E-4
true,al,e,check-weaning,2.5E-4
true,acf,jyv,put-down,5.0E-6
true,j,d,eat,5.0E-7
true,j,e,set-heading-random,0.025
true,j,e,go-forward,0.0025
true,j,e,grow-body,5.0E-5
true,j,e,check-adulthood,5.0E-4
true,j,e,conception-chance,5.0E-4",LAONZGJWCU,AKHINPZIGJ,0.999999999,0.9,0.7,0.1,0.15,0.5,0,0.999,0.99999013,0.999907788,1.00E-05,0.982880417,0.004528187,1.00E-05,1.00E-05,0,0,0,0,0,1.00E-05,1.23E-05,0.003560316,,-7.00E-04,-0.001943382,
anima1s,8081246,,105,41.83098457,27,73, ,0,triangle,FALSE,0.9,1,up,male,adult, ,1000,5145,TRUE,FALSE,FALSE,FALSE,nobody,"true,e,e,maintain-body,0.03
true,e,on,move-toward,0.01
true,e,on,move-away-from,0.01
true,e,ou,move-away-from,0.1
true,a,d,eat,5.0E-7
true,a,e,set-heading-random,0.025
true,a,e,go-forward,0.025
true,ac,am,mate-with,5.0E-4
true,am,ac,mate-with,5.0E-4
true,ac,am,move-toward,5.0E-5
true,am,ac,move-toward,5.0E-5
true,g,pkv,demand-from,5.0E-7
true,ap,gyv,supply-to,5.0E-6
true,g,e,body-size,1.0E-4
true,g,e,check-infancy,5.0E-4
true,ap,e,check-birth,5.0E-4
true,i,lkv,demand-from,5.0E-7
true,al,iyv,supply-to,5.0E-6
true,i,e,body-size,0.0015
true,i,e,stomach-size,5.0E-4
true,i,e,day-perception-range,2.5E-4
true,i,e,day-perception-angle,2.5E-4
true,i,e,check-juvenility,2.5E-4
true,al,e,check-weaning,2.5E-4
true,acf,jyv,put-down,5.0E-6
true,j,d,eat,5.0E-7
true,j,e,set-heading-random,0.025
true,j,e,go-forward,0.0025
true,j,e,grow-body,5.0E-5
true,j,e,check-adulthood,5.0E-4
true,j,e,conception-chance,5.0E-4","true,e,e,maintain-body,0.03
true,a,d,eat,5.0E-7
true,a,e,set-heading-random,0.025
true,a,e,go-forward,0.025
true,ac,am,mate-with,5.0E-4
true,am,ac,mate-with,5.0E-4
true,ac,am,move-toward,5.0E-5
true,am,ac,move-toward,5.0E-5
true,g,pkv,demand-from,5.0E-7
true,ap,gyv,supply-to,5.0E-6
true,g,e,body-size,1.0E-4
true,g,e,check-infancy,5.0E-4
true,ap,e,check-birth,5.0E-4
true,i,lkv,demand-from,5.0E-7
true,al,iyv,supply-to,5.0E-6
true,i,e,body-size,0.0015
true,i,e,stomach-size,5.0E-4
true,i,e,day-perception-range,2.5E-4
true,i,e,day-perception-angle,2.5E-4
true,i,e,check-juvenility,2.5E-4
true,al,e,check-weaning,2.5E-4
true,acf,jyv,put-down,5.0E-6
true,j,d,eat,5.0E-7
true,j,e,set-heading-random,0.025
true,j,e,go-forward,0.0025
true,j,e,grow-body,5.0E-5
true,j,e,check-adulthood,5.0E-4
true,j,e,conception-chance,5.0E-4",BQELNTSIOS,BECQXAYZXQ,0.999999999,0.9,0.7,0.1,0.15,0.5,0,0.999,0.999990441,0.999990291,1.00E-05,0.999990047,0.786231475,1.00E-05,1.00E-05,0,0,0,0,0,1.20E-05,1.40E-05,0.009184971,,0.001,0.001,
anima1s,5218970,,75,133.9164308,78,73, ,0,triangle,FALSE,0.9,1,up,male,adult, ,1000,8475,TRUE,FALSE,FALSE,FALSE,nobody,"true,e,e,maintain-body,0.03
true,e,on,move-toward,0.01
true,e,on,move-away-from,0.01
true,e,ou,move-away-from,0.1
true,a,d,eat,5.0E-7
true,a,e,set-heading-random,0.025
true,a,e,go-forward,0.025
true,ac,am,mate-with,5.0E-4
true,am,ac,mate-with,5.0E-4
true,ac,am,move-toward,5.0E-5
true,am,ac,move-toward,5.0E-5
true,g,pkv,demand-from,5.0E-7
true,ap,gyv,supply-to,5.0E-6
true,g,e,body-size,1.0E-4
true,g,e,check-infancy,5.0E-4
true,ap,e,check-birth,5.0E-4
true,i,lkv,demand-from,5.0E-7
true,al,iyv,supply-to,5.0E-6
true,i,e,body-size,0.0015
true,i,e,stomach-size,5.0E-4
true,i,e,day-perception-range,2.5E-4
true,i,e,day-perception-angle,2.5E-4
true,i,e,check-juvenility,2.5E-4
true,al,e,check-weaning,2.5E-4
true,acf,jyv,put-down,5.0E-6
true,j,d,eat,5.0E-7
true,j,e,set-heading-random,0.025
true,j,e,go-forward,0.0025
true,j,e,grow-body,5.0E-5
true,j,e,check-adulthood,5.0E-4
true,j,e,conception-chance,5.0E-4","true,e,e,maintain-body,0.03
true,a,d,eat,5.0E-7
true,a,e,set-heading-random,0.025
true,a,e,go-forward,0.025
true,ac,am,mate-with,5.0E-4
true,am,ac,mate-with,5.0E-4
true,ac,am,move-toward,5.0E-5
true,am,ac,move-toward,5.0E-5
true,g,pkv,demand-from,5.0E-7
true,ap,gyv,supply-to,5.0E-6
true,g,e,body-size,1.0E-4
true,g,e,check-infancy,5.0E-4
true,ap,e,check-birth,5.0E-4
true,i,lkv,demand-from,5.0E-7
true,al,iyv,supply-to,5.0E-6
true,i,e,body-size,0.0015
true,i,e,stomach-size,5.0E-4
true,i,e,day-perception-range,2.5E-4
true,i,e,day-perception-angle,2.5E-4
true,i,e,check-juvenility,2.5E-4
true,al,e,check-weaning,2.5E-4
true,acf,jyv,put-down,5.0E-6
true,j,d,eat,5.0E-7
true,j,e,set-heading-random,0.025
true,j,e,go-forward,0.0025
true,j,e,grow-body,5.0E-5
true,j,e,check-adulthood,5.0E-4
true,j,e,conception-chance,5.0E-4",QVDGAYQADN,ZQXTYLFPMZ,0.999999999,0.9,0.7,0.1,0.15,0.5,0,0.999,0.999990291,0.999990291,1.00E-05,0.98868732,0.019456381,1.00E-05,1.00E-05,0,0,0,0,0,1.18E-05,1.25E-05,0.015141274,,0.001,-0.001,
anima1s,2907987,,45,320.5317395,77,27, ,0,triangle,FALSE,0.9,1,up,male,adult, ,1000,45965,TRUE,FALSE,FALSE,FALSE,nobody,"true,e,e,maintain-body,0.03
true,e,on,move-toward,0.01
true,e,on,move-away-from,0.01
true,e,ou,move-away-from,0.1
true,a,d,eat,5.0E-7
true,a,e,set-heading-random,0.025
true,a,e,go-forward,0.025
true,ac,am,mate-with,5.0E-4
true,am,ac,mate-with,5.0E-4
true,ac,am,move-toward,5.0E-5
true,am,ac,move-toward,5.0E-5
true,g,pkv,demand-from,5.0E-7
true,ap,gyv,supply-to,5.0E-6
true,g,e,body-size,1.0E-4
true,g,e,check-infancy,5.0E-4
true,ap,e,check-birth,5.0E-4
true,i,lkv,demand-from,5.0E-7
true,al,iyv,supply-to,5.0E-6
true,i,e,body-size,0.0015
true,i,e,stomach-size,5.0E-4
true,i,e,day-perception-range,2.5E-4
true,i,e,day-perception-angle,2.5E-4
true,i,e,check-juvenility,2.5E-4
true,al,e,check-weaning,2.5E-4
true,acf,jyv,put-down,5.0E-6
true,j,d,eat,5.0E-7
true,j,e,set-heading-random,0.025
true,j,e,go-forward,0.0025
true,j,e,grow-body,5.0E-5
true,j,e,check-adulthood,5.0E-4
true,j,e,conception-chance,5.0E-4","true,e,e,maintain-body,0.03
true,a,d,eat,5.0E-7
true,a,e,set-heading-random,0.025
true,a,e,go-forward,0.025
true,ac,am,mate-with,5.0E-4
true,am,ac,mate-with,5.0E-4
true,ac,am,move-toward,5.0E-5
true,am,ac,move-toward,5.0E-5
true,g,pkv,demand-from,5.0E-7
true,ap,gyv,supply-to,5.0E-6
true,g,e,body-size,1.0E-4
true,g,e,check-infancy,5.0E-4
true,ap,e,check-birth,5.0E-4
true,i,lkv,demand-from,5.0E-7
true,al,iyv,supply-to,5.0E-6
true,i,e,body-size,0.0015
true,i,e,stomach-size,5.0E-4
true,i,e,day-perception-range,2.5E-4
true,i,e,day-perception-angle,2.5E-4
true,i,e,check-juvenility,2.5E-4
true,al,e,check-weaning,2.5E-4
true,acf,jyv,put-down,5.0E-6
true,j,d,eat,5.0E-7
true,j,e,set-heading-random,0.025
true,j,e,go-forward,0.0025
true,j,e,grow-body,5.0E-5
true,j,e,check-adulthood,5.0E-4
true,j,e,conception-chance,5.0E-4",ZQQEGGOPXL,MYUDUSNOEP,0.999999999,0.9,0.7,0.1,0.15,0.5,0,0.999,0.999990291,0.999937589,1.00E-05,0.99999006,0.002272444,1.00E-05,1.00E-05,0,0,0,0,0,1.18E-05,5.95E-05,0.001810302,,-0.001,-0.001,
anima1s,6214087,,45,90.82823536,75,23, ,0,circle,FALSE,0.9,1,up,female,adult,cycling,1000,45965,TRUE,FALSE,FALSE,FALSE,nobody,"true,e,e,maintain-body,0.03
true,e,on,move-toward,0.01
true,e,on,move-away-from,0.01
true,e,ou,move-away-from,0.1
true,a,d,eat,5.0E-7
true,a,e,set-heading-random,0.025
true,a,e,go-forward,0.025
true,ac,am,mate-with,5.0E-4
true,am,ac,mate-with,5.0E-4
true,ac,am,move-toward,5.0E-5
true,am,ac,move-toward,5.0E-5
true,g,pkv,demand-from,5.0E-7
true,ap,gyv,supply-to,5.0E-6
true,g,e,body-size,1.0E-4
true,g,e,check-infancy,5.0E-4
true,ap,e,check-birth,5.0E-4
true,i,lkv,demand-from,5.0E-7
true,al,iyv,supply-to,5.0E-6
true,i,e,body-size,0.0015
true,i,e,stomach-size,5.0E-4
true,i,e,day-perception-range,2.5E-4
true,i,e,day-perception-angle,2.5E-4
true,i,e,check-juvenility,2.5E-4
true,al,e,check-weaning,2.5E-4
true,acf,jyv,put-down,5.0E-6
true,j,d,eat,5.0E-7
true,j,e,set-heading-random,0.025
true,j,e,go-forward,0.0025
true,j,e,grow-body,5.0E-5
true,j,e,check-adulthood,5.0E-4
true,j,e,conception-chance,5.0E-4","true,e,e,maintain-body,0.03
true,a,d,eat,5.0E-7
true,a,e,set-heading-random,0.025
true,a,e,go-forward,0.025
true,ac,am,mate-with,5.0E-4
true,am,ac,mate-with,5.0E-4
true,ac,am,move-toward,5.0E-5
true,am,ac,move-toward,5.0E-5
true,g,pkv,demand-from,5.0E-7
true,ap,gyv,supply-to,5.0E-6
true,g,e,body-size,1.0E-4
true,g,e,check-infancy,5.0E-4
true,ap,e,check-birth,5.0E-4
true,i,lkv,demand-from,5.0E-7
true,al,iyv,supply-to,5.0E-6
true,i,e,body-size,0.0015
true,i,e,stomach-size,5.0E-4
true,i,e,day-perception-range,2.5E-4
true,i,e,day-perception-angle,2.5E-4
true,i,e,check-juvenility,2.5E-4
true,al,e,check-weaning,2.5E-4
true,acf,jyv,put-down,5.0E-6
true,j,d,eat,5.0E-7
true,j,e,set-heading-random,0.025
true,j,e,go-forward,0.0025
true,j,e,grow-body,5.0E-5
true,j,e,check-adulthood,5.0E-4
true,j,e,conception-chance,5.0E-4",MFSAMJOJDG,ZOUOXLDVLI,0.999999999,0.9,0.7,0.1,0.15,0.5,0,0.999,0.999960869,0.998472392,1.00E-05,0.98885817,0.001548981,1.00E-05,1.00E-05,0,0,0,0,0,1.00E-05,1.33E-05,0.001245404,,-0.001013069,0.001119286,
anima1s,8334691,,105,306.5681999,22,73, ,0,triangle,FALSE,0.9,1,up,male,adult, ,1000,5145,TRUE,FALSE,FALSE,FALSE,nobody,"true,e,e,maintain-body,0.03
true,e,on,move-toward,0.01
true,e,on,move-away-from,0.01
true,e,ou,move-away-from,0.1
true,a,d,eat,5.0E-7
true,a,e,set-heading-random,0.025
true,a,e,go-forward,0.025
true,ac,am,mate-with,5.0E-4
true,am,ac,mate-with,5.0E-4
true,ac,am,move-toward,5.0E-5
true,am,ac,move-toward,5.0E-5
true,g,pkv,demand-from,5.0E-7
true,ap,gyv,supply-to,5.0E-6
true,g,e,body-size,1.0E-4
true,g,e,check-infancy,5.0E-4
true,ap,e,check-birth,5.0E-4
true,i,lkv,demand-from,5.0E-7
true,al,iyv,supply-to,5.0E-6
true,i,e,body-size,0.0015
true,i,e,stomach-size,5.0E-4
true,i,e,day-perception-range,2.5E-4
true,i,e,day-perception-angle,2.5E-4
true,i,e,check-juvenility,2.5E-4
true,al,e,check-weaning,2.5E-4
true,acf,jyv,put-down,5.0E-6
true,j,d,eat,5.0E-7
true,j,e,set-heading-random,0.025
true,j,e,go-forward,0.0025
true,j,e,grow-body,5.0E-5
true,j,e,check-adulthood,5.0E-4
true,j,e,conception-chance,5.0E-4","true,e,e,maintain-body,0.03
true,a,d,eat,5.0E-7
true,a,e,set-heading-random,0.025
true,a,e,go-forward,0.025
true,ac,am,mate-with,5.0E-4
true,am,ac,mate-with,5.0E-4
true,ac,am,move-toward,5.0E-5
true,am,ac,move-toward,5.0E-5
true,g,pkv,demand-from,5.0E-7
true,ap,gyv,supply-to,5.0E-6
true,g,e,body-size,1.0E-4
true,g,e,check-infancy,5.0E-4
true,ap,e,check-birth,5.0E-4
true,i,lkv,demand-from,5.0E-7
true,al,iyv,supply-to,5.0E-6
true,i,e,body-size,0.0015
true,i,e,stomach-size,5.0E-4
true,i,e,day-perception-range,2.5E-4
true,i,e,day-perception-angle,2.5E-4
true,i,e,check-juvenility,2.5E-4
true,al,e,check-weaning,2.5E-4
true,acf,jyv,put-down,5.0E-6
true,j,d,eat,5.0E-7
true,j,e,set-heading-random,0.025
true,j,e,go-forward,0.0025
true,j,e,grow-body,5.0E-5
true,j,e,check-adulthood,5.0E-4
true,j,e,conception-chance,5.0E-4",UGCFBBBRLU,OHTLATMRJA,0.999999999,0.9,0.7,0.1,0.15,0.5,0,0.999,0.999990291,0.999990357,1.00E-05,0.99999006,0.043312955,1.00E-05,1.00E-05,0,0,0,0,0,9.98E-06,4.98E-05,0.03394439,,1.44E-04,-0.002445621,
anima1s,7867802,,75,94.82111591,74,77, ,0,circle,FALSE,0.9,1,up,female,adult,cycling,1000,8475,TRUE,FALSE,FALSE,FALSE,nobody,"true,e,e,maintain-body,0.03
true,e,on,move-toward,0.01
true,e,on,move-away-from,0.01
true,e,ou,move-away-from,0.1
true,a,d,eat,5.0E-7
true,a,e,set-heading-random,0.025
true,a,e,go-forward,0.025
true,ac,am,mate-with,5.0E-4
true,am,ac,mate-with,5.0E-4
true,ac,am,move-toward,5.0E-5
true,am,ac,move-toward,5.0E-5
true,g,pkv,demand-from,5.0E-7
true,ap,gyv,supply-to,5.0E-6
true,g,e,body-size,1.0E-4
true,g,e,check-infancy,5.0E-4
true,ap,e,check-birth,5.0E-4
true,i,lkv,demand-from,5.0E-7
true,al,iyv,supply-to,5.0E-6
true,i,e,body-size,0.0015
true,i,e,stomach-size,5.0E-4
true,i,e,day-perception-range,2.5E-4
true,i,e,day-perception-angle,2.5E-4
true,i,e,check-juvenility,2.5E-4
true,al,e,check-weaning,2.5E-4
true,acf,jyv,put-down,5.0E-6
true,j,d,eat,5.0E-7
true,j,e,set-heading-random,0.025
true,j,e,go-forward,0.0025
true,j,e,grow-body,5.0E-5
true,j,e,check-adulthood,5.0E-4
true,j,e,conception-chance,5.0E-4","true,e,e,maintain-body,0.03
true,a,d,eat,5.0E-7
true,a,e,set-heading-random,0.025
true,a,e,go-forward,0.025
true,ac,am,mate-with,5.0E-4
true,am,ac,mate-with,5.0E-4
true,ac,am,move-toward,5.0E-5
true,am,ac,move-toward,5.0E-5
true,g,pkv,demand-from,5.0E-7
true,ap,gyv,supply-to,5.0E-6
true,g,e,body-size,1.0E-4
true,g,e,check-infancy,5.0E-4
true,ap,e,check-birth,5.0E-4
true,i,lkv,demand-from,5.0E-7
true,al,iyv,supply-to,5.0E-6
true,i,e,body-size,0.0015
true,i,e,stomach-size,5.0E-4
true,i,e,day-perception-range,2.5E-4
true,i,e,day-perception-angle,2.5E-4
true,i,e,check-juvenility,2.5E-4
true,al,e,check-weaning,2.5E-4
true,acf,jyv,put-down,5.0E-6
true,j,d,eat,5.0E-7
true,j,e,set-heading-random,0.025
true,j,e,go-forward,0.0025
true,j,e,grow-body,5.0E-5
true,j,e,check-adulthood,5.0E-4
true,j,e,conception-chance,5.0E-4",FJIEDNNHFQ,RYJCLHCTXC,0.999999999,0.9,0.7,0.1,0.15,0.5,0,0.999,0.999990291,0.999990357,1.00E-05,0.985270217,0.016000687,1.00E-05,1.00E-05,0,0,0,0,0,1.00E-05,1.23E-05,0.014249219,,-0.001,0.001,
anima1s,3749658,,45,133.9164308,78,24, ,0,triangle,FALSE,0.9,1,up,male,adult, ,1000,45965,TRUE,FALSE,FALSE,FALSE,nobody,"true,e,e,maintain-body,0.03
true,e,on,move-toward,0.01
true,e,on,move-away-from,0.01
true,e,ou,move-away-from,0.1
true,a,d,eat,5.0E-7
true,a,e,set-heading-random,0.025
true,a,e,go-forward,0.025
true,ac,am,mate-with,5.0E-4
true,am,ac,mate-with,5.0E-4
true,ac,am,move-toward,5.0E-5
true,am,ac,move-toward,5.0E-5
true,g,pkv,demand-from,5.0E-7
true,ap,gyv,supply-to,5.0E-6
true,g,e,body-size,1.0E-4
true,g,e,check-infancy,5.0E-4
true,ap,e,check-birth,5.0E-4
true,i,lkv,demand-from,5.0E-7
true,al,iyv,supply-to,5.0E-6
true,i,e,body-size,0.0015
true,i,e,stomach-size,5.0E-4
true,i,e,day-perception-range,2.5E-4
true,i,e,day-perception-angle,2.5E-4
true,i,e,check-juvenility,2.5E-4
true,al,e,check-weaning,2.5E-4
true,acf,jyv,put-down,5.0E-6
true,j,d,eat,5.0E-7
true,j,e,set-heading-random,0.025
true,j,e,go-forward,0.0025
true,j,e,grow-body,5.0E-5
true,j,e,check-adulthood,5.0E-4
true,j,e,conception-chance,5.0E-4","true,e,e,maintain-body,0.03
true,a,d,eat,5.0E-7
true,a,e,set-heading-random,0.025
true,a,e,go-forward,0.025
true,ac,am,mate-with,5.0E-4
true,am,ac,mate-with,5.0E-4
true,ac,am,move-toward,5.0E-5
true,am,ac,move-toward,5.0E-5
true,g,pkv,demand-from,5.0E-7
true,ap,gyv,supply-to,5.0E-6
true,g,e,body-size,1.0E-4
true,g,e,check-infancy,5.0E-4
true,ap,e,check-birth,5.0E-4
true,i,lkv,demand-from,5.0E-7
true,al,iyv,supply-to,5.0E-6
true,i,e,body-size,0.0015
true,i,e,stomach-size,5.0E-4
true,i,e,day-perception-range,2.5E-4
true,i,e,day-perception-angle,2.5E-4
true,i,e,check-juvenility,2.5E-4
true,al,e,check-weaning,2.5E-4
true,acf,jyv,put-down,5.0E-6
true,j,d,eat,5.0E-7
true,j,e,set-heading-random,0.025
true,j,e,go-forward,0.0025
true,j,e,grow-body,5.0E-5
true,j,e,check-adulthood,5.0E-4
true,j,e,conception-chance,5.0E-4",CSFZLRXAJP,IIVDZFWUBV,0.999999999,0.9,0.7,0.1,0.15,0.5,0,0.999,0.999990291,0.999990291,1.00E-05,0.98868732,0.019456381,1.00E-05,1.00E-05,0,0,0,0,0,1.18E-05,1.25E-05,0.015141274,,0.001,-0.001,
anima1s,7874367,,45,214.4903982,75,28, ,0,circle,FALSE,0.9,1,up,female,adult,cycling,1000,45965,TRUE,FALSE,FALSE,FALSE,nobody,"true,e,e,maintain-body,0.03
true,e,on,move-toward,0.01
true,e,on,move-away-from,0.01
true,e,ou,move-away-from,0.1
true,a,d,eat,5.0E-7
true,a,e,set-heading-random,0.025
true,a,e,go-forward,0.025
true,ac,am,mate-with,5.0E-4
true,am,ac,mate-with,5.0E-4
true,ac,am,move-toward,5.0E-5
true,am,ac,move-toward,5.0E-5
true,g,pkv,demand-from,5.0E-7
true,ap,gyv,supply-to,5.0E-6
true,g,e,body-size,1.0E-4
true,g,e,check-infancy,5.0E-4
true,ap,e,check-birth,5.0E-4
true,i,lkv,demand-from,5.0E-7
true,al,iyv,supply-to,5.0E-6
true,i,e,body-size,0.0015
true,i,e,stomach-size,5.0E-4
true,i,e,day-perception-range,2.5E-4
true,i,e,day-perception-angle,2.5E-4
true,i,e,check-juvenility,2.5E-4
true,al,e,check-weaning,2.5E-4
true,acf,jyv,put-down,5.0E-6
true,j,d,eat,5.0E-7
true,j,e,set-heading-random,0.025
true,j,e,go-forward,0.0025
true,j,e,grow-body,5.0E-5
true,j,e,check-adulthood,5.0E-4
true,j,e,conception-chance,5.0E-4","true,e,e,maintain-body,0.03
true,a,d,eat,5.0E-7
true,a,e,set-heading-random,0.025
true,a,e,go-forward,0.025
true,ac,am,mate-with,5.0E-4
true,am,ac,mate-with,5.0E-4
true,ac,am,move-toward,5.0E-5
true,am,ac,move-toward,5.0E-5
true,g,pkv,demand-from,5.0E-7
true,ap,gyv,supply-to,5.0E-6
true,g,e,body-size,1.0E-4
true,g,e,check-infancy,5.0E-4
true,ap,e,check-birth,5.0E-4
true,i,lkv,demand-from,5.0E-7
true,al,iyv,supply-to,5.0E-6
true,i,e,body-size,0.0015
true,i,e,stomach-size,5.0E-4
true,i,e,day-perception-range,2.5E-4
true,i,e,day-perception-angle,2.5E-4
true,i,e,check-juvenility,2.5E-4
true,al,e,check-weaning,2.5E-4
true,acf,jyv,put-down,5.0E-6
true,j,d,eat,5.0E-7
true,j,e,set-heading-random,0.025
true,j,e,go-forward,0.0025
true,j,e,grow-body,5.0E-5
true,j,e,check-adulthood,5.0E-4
true,j,e,conception-chance,5.0E-4",ZJBXKQXCQN,YTNTMWDAEH,0.999999999,0.9,0.7,0.1,0.15,0.5,0,0.999,0.999990291,0.999986892,1.00E-05,0.985794103,0.002488574,1.00E-05,1.00E-05,0,0,0,0,0,1.00E-05,1.28E-05,0.006691529,,0.001,-0.001,
anima1s,4279070,,45,214.4903982,75,24, ,0,circle,FALSE,0.9,1,up,female,adult,cycling,1000,45965,TRUE,FALSE,FALSE,FALSE,nobody,"true,e,e,maintain-body,0.03
true,e,on,move-toward,0.01
true,e,on,move-away-from,0.01
true,e,ou,move-away-from,0.1
true,a,d,eat,5.0E-7
true,a,e,set-heading-random,0.025
true,a,e,go-forward,0.025
true,ac,am,mate-with,5.0E-4
true,am,ac,mate-with,5.0E-4
true,ac,am,move-toward,5.0E-5
true,am,ac,move-toward,5.0E-5
true,g,pkv,demand-from,5.0E-7
true,ap,gyv,supply-to,5.0E-6
true,g,e,body-size,1.0E-4
true,g,e,check-infancy,5.0E-4
true,ap,e,check-birth,5.0E-4
true,i,lkv,demand-from,5.0E-7
true,al,iyv,supply-to,5.0E-6
true,i,e,body-size,0.0015
true,i,e,stomach-size,5.0E-4
true,i,e,day-perception-range,2.5E-4
true,i,e,day-perception-angle,2.5E-4
true,i,e,check-juvenility,2.5E-4
true,al,e,check-weaning,2.5E-4
true,acf,jyv,put-down,5.0E-6
true,j,d,eat,5.0E-7
true,j,e,set-heading-random,0.025
true,j,e,go-forward,0.0025
true,j,e,grow-body,5.0E-5
true,j,e,check-adulthood,5.0E-4
true,j,e,conception-chance,5.0E-4","true,e,e,maintain-body,0.03
true,a,d,eat,5.0E-7
true,a,e,set-heading-random,0.025
true,a,e,go-forward,0.025
true,ac,am,mate-with,5.0E-4
true,am,ac,mate-with,5.0E-4
true,ac,am,move-toward,5.0E-5
true,am,ac,move-toward,5.0E-5
true,g,pkv,demand-from,5.0E-7
true,ap,gyv,supply-to,5.0E-6
true,g,e,body-size,1.0E-4
true,g,e,check-infancy,5.0E-4
true,ap,e,check-birth,5.0E-4
true,i,lkv,demand-from,5.0E-7
true,al,iyv,supply-to,5.0E-6
true,i,e,body-size,0.0015
true,i,e,stomach-size,5.0E-4
true,i,e,day-perception-range,2.5E-4
true,i,e,day-perception-angle,2.5E-4
true,i,e,check-juvenility,2.5E-4
true,al,e,check-weaning,2.5E-4
true,acf,jyv,put-down,5.0E-6
true,j,d,eat,5.0E-7
true,j,e,set-heading-random,0.025
true,j,e,go-forward,0.0025
true,j,e,grow-body,5.0E-5
true,j,e,check-adulthood,5.0E-4
true,j,e,conception-chance,5.0E-4",XRYPMWXPTV,VUKLVQYZYO,0.999999999,0.9,0.7,0.1,0.15,0.5,0,0.999,0.999990291,0.999986892,1.00E-05,0.985794103,0.002488574,1.00E-05,1.00E-05,0,0,0,0,0,1.00E-05,1.28E-05,0.006691529,,0.001,-0.001,
anima1s,2078834,,45,301.0585237,75,23, ,0,triangle,FALSE,0.9,1,up,male,adult, ,1000,45965,TRUE,FALSE,FALSE,FALSE,nobody,"true,e,e,maintain-body,0.03
true,e,on,move-toward,0.01
true,e,on,move-away-from,0.01
true,e,ou,move-away-from,0.1
true,a,d,eat,5.0E-7
true,a,e,set-heading-random,0.025
true,a,e,go-forward,0.025
true,ac,am,mate-with,5.0E-4
true,am,ac,mate-with,5.0E-4
true,ac,am,move-toward,5.0E-5
true,am,ac,move-toward,5.0E-5
true,g,pkv,demand-from,5.0E-7
true,ap,gyv,supply-to,5.0E-6
true,g,e,body-size,1.0E-4
true,g,e,check-infancy,5.0E-4
true,ap,e,check-birth,5.0E-4
true,i,lkv,demand-from,5.0E-7
true,al,iyv,supply-to,5.0E-6
true,i,e,body-size,0.0015
true,i,e,stomach-size,5.0E-4
true,i,e,day-perception-range,2.5E-4
true,i,e,day-perception-angle,2.5E-4
true,i,e,check-juvenility,2.5E-4
true,al,e,check-weaning,2.5E-4
true,acf,jyv,put-down,5.0E-6
true,j,d,eat,5.0E-7
true,j,e,set-heading-random,0.025
true,j,e,go-forward,0.0025
true,j,e,grow-body,5.0E-5
true,j,e,check-adulthood,5.0E-4
true,j,e,conception-chance,5.0E-4","true,e,e,maintain-body,0.03
true,a,d,eat,5.0E-7
true,a,e,set-heading-random,0.025
true,a,e,go-forward,0.025
true,ac,am,mate-with,5.0E-4
true,am,ac,mate-with,5.0E-4
true,ac,am,move-toward,5.0E-5
true,am,ac,move-toward,5.0E-5
true,g,pkv,demand-from,5.0E-7
true,ap,gyv,supply-to,5.0E-6
true,g,e,body-size,1.0E-4
true,g,e,check-infancy,5.0E-4
true,ap,e,check-birth,5.0E-4
true,i,lkv,demand-from,5.0E-7
true,al,iyv,supply-to,5.0E-6
true,i,e,body-size,0.0015
true,i,e,stomach-size,5.0E-4
true,i,e,day-perception-range,2.5E-4
true,i,e,day-perception-angle,2.5E-4
true,i,e,check-juvenility,2.5E-4
true,al,e,check-weaning,2.5E-4
true,acf,jyv,put-down,5.0E-6
true,j,d,eat,5.0E-7
true,j,e,set-heading-random,0.025
true,j,e,go-forward,0.0025
true,j,e,grow-body,5.0E-5
true,j,e,check-adulthood,5.0E-4
true,j,e,conception-chance,5.0E-4",LWZORMWJXM,CYSCFXFOBW,0.999999999,0.9,0.7,0.1,0.15,0.5,0,0.999,0.999990291,0.999990291,1.00E-05,0.98470273,0.025095565,1.00E-05,1.00E-05,0,0,0,0,0,9.98E-06,1.47E-05,0.019551433,,0.001,0.001,
anima1s,9120452,,75,107.2320751,71,73, ,0,triangle,FALSE,0.9,1,up,male,adult, ,1000,8475,TRUE,FALSE,FALSE,FALSE,nobody,"true,e,e,maintain-body,0.03
true,e,on,move-toward,0.01
true,e,on,move-away-from,0.01
true,e,ou,move-away-from,0.1
true,a,d,eat,5.0E-7
true,a,e,set-heading-random,0.025
true,a,e,go-forward,0.025
true,ac,am,mate-with,5.0E-4
true,am,ac,mate-with,5.0E-4
true,ac,am,move-toward,5.0E-5
true,am,ac,move-toward,5.0E-5
true,g,pkv,demand-from,5.0E-7
true,ap,gyv,supply-to,5.0E-6
true,g,e,body-size,1.0E-4
true,g,e,check-infancy,5.0E-4
true,ap,e,check-birth,5.0E-4
true,i,lkv,demand-from,5.0E-7
true,al,iyv,supply-to,5.0E-6
true,i,e,body-size,0.0015
true,i,e,stomach-size,5.0E-4
true,i,e,day-perception-range,2.5E-4
true,i,e,day-perception-angle,2.5E-4
true,i,e,check-juvenility,2.5E-4
true,al,e,check-weaning,2.5E-4
true,acf,jyv,put-down,5.0E-6
true,j,d,eat,5.0E-7
true,j,e,set-heading-random,0.025
true,j,e,go-forward,0.0025
true,j,e,grow-body,5.0E-5
true,j,e,check-adulthood,5.0E-4
true,j,e,conception-chance,5.0E-4","true,e,e,maintain-body,0.03
true,a,d,eat,5.0E-7
true,a,e,set-heading-random,0.025
true,a,e,go-forward,0.025
true,ac,am,mate-with,5.0E-4
true,am,ac,mate-with,5.0E-4
true,ac,am,move-toward,5.0E-5
true,am,ac,move-toward,5.0E-5
true,g,pkv,demand-from,5.0E-7
true,ap,gyv,supply-to,5.0E-6
true,g,e,body-size,1.0E-4
true,g,e,check-infancy,5.0E-4
true,ap,e,check-birth,5.0E-4
true,i,lkv,demand-from,5.0E-7
true,al,iyv,supply-to,5.0E-6
true,i,e,body-size,0.0015
true,i,e,stomach-size,5.0E-4
true,i,e,day-perception-range,2.5E-4
true,i,e,day-perception-angle,2.5E-4
true,i,e,check-juvenility,2.5E-4
true,al,e,check-weaning,2.5E-4
true,acf,jyv,put-down,5.0E-6
true,j,d,eat,5.0E-7
true,j,e,set-heading-random,0.025
true,j,e,go-forward,0.0025
true,j,e,grow-body,5.0E-5
true,j,e,check-adulthood,5.0E-4
true,j,e,conception-chance,5.0E-4",NIEYJNPTDS,HZHKXHYXRY,0.999999999,0.9,0.7,0.1,0.15,0.5,0,0.999,0.999990291,0.999977015,1.00E-05,0.994295671,0.00767894,1.00E-05,1.00E-05,0,0,0,0,0,1.23E-05,1.51E-05,0.005622652,,0.001,0.001,
anima1s,6233122,,105,42.48163687,23,75, ,0,triangle,FALSE,0.9,1,up,male,adult, ,1000,5145,TRUE,FALSE,FALSE,FALSE,nobody,"true,e,e,maintain-body,0.03
true,e,on,move-toward,0.01
true,e,on,move-away-from,0.01
true,e,ou,move-away-from,0.1
true,a,d,eat,5.0E-7
true,a,e,set-heading-random,0.025
true,a,e,go-forward,0.025
true,ac,am,mate-with,5.0E-4
true,am,ac,mate-with,5.0E-4
true,ac,am,move-toward,5.0E-5
true,am,ac,move-toward,5.0E-5
true,g,pkv,demand-from,5.0E-7
true,ap,gyv,supply-to,5.0E-6
true,g,e,body-size,1.0E-4
true,g,e,check-infancy,5.0E-4
true,ap,e,check-birth,5.0E-4
true,i,lkv,demand-from,5.0E-7
true,al,iyv,supply-to,5.0E-6
true,i,e,body-size,0.0015
true,i,e,stomach-size,5.0E-4
true,i,e,day-perception-range,2.5E-4
true,i,e,day-perception-angle,2.5E-4
true,i,e,check-juvenility,2.5E-4
true,al,e,check-weaning,2.5E-4
true,acf,jyv,put-down,5.0E-6
true,j,d,eat,5.0E-7
true,j,e,set-heading-random,0.025
true,j,e,go-forward,0.0025
true,j,e,grow-body,5.0E-5
true,j,e,check-adulthood,5.0E-4
true,j,e,conception-chance,5.0E-4","true,e,e,maintain-body,0.03
true,a,d,eat,5.0E-7
true,a,e,set-heading-random,0.025
true,a,e,go-forward,0.025
true,ac,am,mate-with,5.0E-4
true,am,ac,mate-with,5.0E-4
true,ac,am,move-toward,5.0E-5
true,am,ac,move-toward,5.0E-5
true,g,pkv,demand-from,5.0E-7
true,ap,gyv,supply-to,5.0E-6
true,g,e,body-size,1.0E-4
true,g,e,check-infancy,5.0E-4
true,ap,e,check-birth,5.0E-4
true,i,lkv,demand-from,5.0E-7
true,al,iyv,supply-to,5.0E-6
true,i,e,body-size,0.0015
true,i,e,stomach-size,5.0E-4
true,i,e,day-perception-range,2.5E-4
true,i,e,day-perception-angle,2.5E-4
true,i,e,check-juvenility,2.5E-4
true,al,e,check-weaning,2.5E-4
true,acf,jyv,put-down,5.0E-6
true,j,d,eat,5.0E-7
true,j,e,set-heading-random,0.025
true,j,e,go-forward,0.0025
true,j,e,grow-body,5.0E-5
true,j,e,check-adulthood,5.0E-4
true,j,e,conception-chance,5.0E-4",PBLCXGBOQH,OMIRXRFESS,0.999999999,0.9,0.7,0.1,0.15,0.5,0,0.999,0.999990291,0.999990291,1.56E-05,0.99998217,0.424453206,1.00E-05,1.00E-05,0,0,0,0,0,1.20E-05,1.41E-05,0.00173404,,0.001,-0.001,
anima1s,8043335,,15,133.9164308,25,22, ,0,triangle,FALSE,0.9,1,up,male,adult, ,1000,85415,TRUE,FALSE,FALSE,FALSE,nobody,"true,e,e,maintain-body,0.03
true,e,on,move-toward,0.01
true,e,on,move-away-from,0.01
true,e,ou,move-away-from,0.1
true,a,d,eat,5.0E-7
true,a,e,set-heading-random,0.025
true,a,e,go-forward,0.025
true,ac,am,mate-with,5.0E-4
true,am,ac,mate-with,5.0E-4
true,ac,am,move-toward,5.0E-5
true,am,ac,move-toward,5.0E-5
true,g,pkv,demand-from,5.0E-7
true,ap,gyv,supply-to,5.0E-6
true,g,e,body-size,1.0E-4
true,g,e,check-infancy,5.0E-4
true,ap,e,check-birth,5.0E-4
true,i,lkv,demand-from,5.0E-7
true,al,iyv,supply-to,5.0E-6
true,i,e,body-size,0.0015
true,i,e,stomach-size,5.0E-4
true,i,e,day-perception-range,2.5E-4
true,i,e,day-perception-angle,2.5E-4
true,i,e,check-juvenility,2.5E-4
true,al,e,check-weaning,2.5E-4
true,acf,jyv,put-down,5.0E-6
true,j,d,eat,5.0E-7
true,j,e,set-heading-random,0.025
true,j,e,go-forward,0.0025
true,j,e,grow-body,5.0E-5
true,j,e,check-adulthood,5.0E-4
true,j,e,conception-chance,5.0E-4","true,e,e,maintain-body,0.03
true,a,d,eat,5.0E-7
true,a,e,set-heading-random,0.025
true,a,e,go-forward,0.025
true,ac,am,mate-with,5.0E-4
true,am,ac,mate-with,5.0E-4
true,ac,am,move-toward,5.0E-5
true,am,ac,move-toward,5.0E-5
true,g,pkv,demand-from,5.0E-7
true,ap,gyv,supply-to,5.0E-6
true,g,e,body-size,1.0E-4
true,g,e,check-infancy,5.0E-4
true,ap,e,check-birth,5.0E-4
true,i,lkv,demand-from,5.0E-7
true,al,iyv,supply-to,5.0E-6
true,i,e,body-size,0.0015
true,i,e,stomach-size,5.0E-4
true,i,e,day-perception-range,2.5E-4
true,i,e,day-perception-angle,2.5E-4
true,i,e,check-juvenility,2.5E-4
true,al,e,check-weaning,2.5E-4
true,acf,jyv,put-down,5.0E-6
true,j,d,eat,5.0E-7
true,j,e,set-heading-random,0.025
true,j,e,go-forward,0.0025
true,j,e,grow-body,5.0E-5
true,j,e,check-adulthood,5.0E-4
true,j,e,conception-chance,5.0E-4",BPIHHAXMJG,GFUCCZKQBF,0.999999999,0.9,0.7,0.1,0.15,0.5,0,0.999,0.999990291,0.999990291,1.00E-05,0.98868732,0.019456381,1.00E-05,1.00E-05,0,0,0,0,0,1.18E-05,1.25E-05,0.015141274,,0.001,-0.001,
anima1s,4588284,,15,156.5063592,24,23, ,0,circle,FALSE,0.9,1,up,female,adult,cycling,1000,85415,TRUE,FALSE,FALSE,FALSE,nobody,"true,e,e,maintain-body,0.03
true,e,on,move-toward,0.01
true,e,on,move-away-from,0.01
true,e,ou,move-away-from,0.1
true,a,d,eat,5.0E-7
true,a,e,set-heading-random,0.025
true,a,e,go-forward,0.025
true,ac,am,mate-with,5.0E-4
true,am,ac,mate-with,5.0E-4
true,ac,am,move-toward,5.0E-5
true,am,ac,move-toward,5.0E-5
true,g,pkv,demand-from,5.0E-7
true,ap,gyv,supply-to,5.0E-6
true,g,e,body-size,1.0E-4
true,g,e,check-infancy,5.0E-4
true,ap,e,check-birth,5.0E-4
true,i,lkv,demand-from,5.0E-7
true,al,iyv,supply-to,5.0E-6
true,i,e,body-size,0.0015
true,i,e,stomach-size,5.0E-4
true,i,e,day-perception-range,2.5E-4
true,i,e,day-perception-angle,2.5E-4
true,i,e,check-juvenility,2.5E-4
true,al,e,check-weaning,2.5E-4
true,acf,jyv,put-down,5.0E-6
true,j,d,eat,5.0E-7
true,j,e,set-heading-random,0.025
true,j,e,go-forward,0.0025
true,j,e,grow-body,5.0E-5
true,j,e,check-adulthood,5.0E-4
true,j,e,conception-chance,5.0E-4","true,e,e,maintain-body,0.03
true,a,d,eat,5.0E-7
true,a,e,set-heading-random,0.025
true,a,e,go-forward,0.025
true,ac,am,mate-with,5.0E-4
true,am,ac,mate-with,5.0E-4
true,ac,am,move-toward,5.0E-5
true,am,ac,move-toward,5.0E-5
true,g,pkv,demand-from,5.0E-7
true,ap,gyv,supply-to,5.0E-6
true,g,e,body-size,1.0E-4
true,g,e,check-infancy,5.0E-4
true,ap,e,check-birth,5.0E-4
true,i,lkv,demand-from,5.0E-7
true,al,iyv,supply-to,5.0E-6
true,i,e,body-size,0.0015
true,i,e,stomach-size,5.0E-4
true,i,e,day-perception-range,2.5E-4
true,i,e,day-perception-angle,2.5E-4
true,i,e,check-juvenility,2.5E-4
true,al,e,check-weaning,2.5E-4
true,acf,jyv,put-down,5.0E-6
true,j,d,eat,5.0E-7
true,j,e,set-heading-random,0.025
true,j,e,go-forward,0.0025
true,j,e,grow-body,5.0E-5
true,j,e,check-adulthood,5.0E-4
true,j,e,conception-chance,5.0E-4",BDNXGSLGZQ,GUYZXDAQVT,0.999999999,0.9,0.7,0.1,0.15,0.5,0,0.999,0.999990291,0.999990291,1.00E-05,0.61792039,0.022185268,1.00E-05,1.00E-05,0,0,0,0,0,1.00E-05,1.40E-05,0.018467835,,0.008119299,0.00261418,
anima1s,9892488,,105,90.82823536,25,75, ,0,circle,FALSE,0.9,1,up,female,adult,cycling,1000,5145,TRUE,FALSE,FALSE,FALSE,nobody,"true,e,e,maintain-body,0.03
true,e,on,move-toward,0.01
true,e,on,move-away-from,0.01
true,e,ou,move-away-from,0.1
true,a,d,eat,5.0E-7
true,a,e,set-heading-random,0.025
true,a,e,go-forward,0.025
true,ac,am,mate-with,5.0E-4
true,am,ac,mate-with,5.0E-4
true,ac,am,move-toward,5.0E-5
true,am,ac,move-toward,5.0E-5
true,g,pkv,demand-from,5.0E-7
true,ap,gyv,supply-to,5.0E-6
true,g,e,body-size,1.0E-4
true,g,e,check-infancy,5.0E-4
true,ap,e,check-birth,5.0E-4
true,i,lkv,demand-from,5.0E-7
true,al,iyv,supply-to,5.0E-6
true,i,e,body-size,0.0015
true,i,e,stomach-size,5.0E-4
true,i,e,day-perception-range,2.5E-4
true,i,e,day-perception-angle,2.5E-4
true,i,e,check-juvenility,2.5E-4
true,al,e,check-weaning,2.5E-4
true,acf,jyv,put-down,5.0E-6
true,j,d,eat,5.0E-7
true,j,e,set-heading-random,0.025
true,j,e,go-forward,0.0025
true,j,e,grow-body,5.0E-5
true,j,e,check-adulthood,5.0E-4
true,j,e,conception-chance,5.0E-4","true,e,e,maintain-body,0.03
true,a,d,eat,5.0E-7
true,a,e,set-heading-random,0.025
true,a,e,go-forward,0.025
true,ac,am,mate-with,5.0E-4
true,am,ac,mate-with,5.0E-4
true,ac,am,move-toward,5.0E-5
true,am,ac,move-toward,5.0E-5
true,g,pkv,demand-from,5.0E-7
true,ap,gyv,supply-to,5.0E-6
true,g,e,body-size,1.0E-4
true,g,e,check-infancy,5.0E-4
true,ap,e,check-birth,5.0E-4
true,i,lkv,demand-from,5.0E-7
true,al,iyv,supply-to,5.0E-6
true,i,e,body-size,0.0015
true,i,e,stomach-size,5.0E-4
true,i,e,day-perception-range,2.5E-4
true,i,e,day-perception-angle,2.5E-4
true,i,e,check-juvenility,2.5E-4
true,al,e,check-weaning,2.5E-4
true,acf,jyv,put-down,5.0E-6
true,j,d,eat,5.0E-7
true,j,e,set-heading-random,0.025
true,j,e,go-forward,0.0025
true,j,e,grow-body,5.0E-5
true,j,e,check-adulthood,5.0E-4
true,j,e,conception-chance,5.0E-4",TKKSGIIBAG,CALALIDEXZ,0.999999999,0.9,0.7,0.1,0.15,0.5,0,0.999,0.999960869,0.998472392,1.00E-05,0.98885817,0.001548981,1.00E-05,1.00E-05,0,0,0,0,0,1.00E-05,1.33E-05,0.001245404,,-0.001013069,0.001119286,
anima1s,5436210,,105,214.4903982,27,72, ,0,circle,FALSE,0.9,1,up,female,adult,cycling,1000,5145,TRUE,FALSE,FALSE,FALSE,nobody,"true,e,e,maintain-body,0.03
true,e,on,move-toward,0.01
true,e,on,move-away-from,0.01
true,e,ou,move-away-from,0.1
true,a,d,eat,5.0E-7
true,a,e,set-heading-random,0.025
true,a,e,go-forward,0.025
true,ac,am,mate-with,5.0E-4
true,am,ac,mate-with,5.0E-4
true,ac,am,move-toward,5.0E-5
true,am,ac,move-toward,5.0E-5
true,g,pkv,demand-from,5.0E-7
true,ap,gyv,supply-to,5.0E-6
true,g,e,body-size,1.0E-4
true,g,e,check-infancy,5.0E-4
true,ap,e,check-birth,5.0E-4
true,i,lkv,demand-from,5.0E-7
true,al,iyv,supply-to,5.0E-6
true,i,e,body-size,0.0015
true,i,e,stomach-size,5.0E-4
true,i,e,day-perception-range,2.5E-4
true,i,e,day-perception-angle,2.5E-4
true,i,e,check-juvenility,2.5E-4
true,al,e,check-weaning,2.5E-4
true,acf,jyv,put-down,5.0E-6
true,j,d,eat,5.0E-7
true,j,e,set-heading-random,0.025
true,j,e,go-forward,0.0025
true,j,e,grow-body,5.0E-5
true,j,e,check-adulthood,5.0E-4
true,j,e,conception-chance,5.0E-4","true,e,e,maintain-body,0.03
true,a,d,eat,5.0E-7
true,a,e,set-heading-random,0.025
true,a,e,go-forward,0.025
true,ac,am,mate-with,5.0E-4
true,am,ac,mate-with,5.0E-4
true,ac,am,move-toward,5.0E-5
true,am,ac,move-toward,5.0E-5
true,g,pkv,demand-from,5.0E-7
true,ap,gyv,supply-to,5.0E-6
true,g,e,body-size,1.0E-4
true,g,e,check-infancy,5.0E-4
true,ap,e,check-birth,5.0E-4
true,i,lkv,demand-from,5.0E-7
true,al,iyv,supply-to,5.0E-6
true,i,e,body-size,0.0015
true,i,e,stomach-size,5.0E-4
true,i,e,day-perception-range,2.5E-4
true,i,e,day-perception-angle,2.5E-4
true,i,e,check-juvenility,2.5E-4
true,al,e,check-weaning,2.5E-4
true,acf,jyv,put-down,5.0E-6
true,j,d,eat,5.0E-7
true,j,e,set-heading-random,0.025
true,j,e,go-forward,0.0025
true,j,e,grow-body,5.0E-5
true,j,e,check-adulthood,5.0E-4
true,j,e,conception-chance,5.0E-4",NFHNIYRUIH,RJYSXJEIIT,0.999999999,0.9,0.7,0.1,0.15,0.5,0,0.999,0.999990291,0.999986892,1.00E-05,0.985794103,0.002488574,1.00E-05,1.00E-05,0,0,0,0,0,1.00E-05,1.28E-05,0.006691529,,0.001,-0.001,
anima1s,4231375,,45,165.0370632,75,27, ,0,triangle,FALSE,0.9,1,up,male,adult, ,1000,45965,TRUE,FALSE,FALSE,FALSE,nobody,"true,e,e,maintain-body,0.03
true,e,on,move-toward,0.01
true,e,on,move-away-from,0.01
true,e,ou,move-away-from,0.1
true,a,d,eat,5.0E-7
true,a,e,set-heading-random,0.025
true,a,e,go-forward,0.025
true,ac,am,mate-with,5.0E-4
true,am,ac,mate-with,5.0E-4
true,ac,am,move-toward,5.0E-5
true,am,ac,move-toward,5.0E-5
true,g,pkv,demand-from,5.0E-7
true,ap,gyv,supply-to,5.0E-6
true,g,e,body-size,1.0E-4
true,g,e,check-infancy,5.0E-4
true,ap,e,check-birth,5.0E-4
true,i,lkv,demand-from,5.0E-7
true,al,iyv,supply-to,5.0E-6
true,i,e,body-size,0.0015
true,i,e,stomach-size,5.0E-4
true,i,e,day-perception-range,2.5E-4
true,i,e,day-perception-angle,2.5E-4
true,i,e,check-juvenility,2.5E-4
true,al,e,check-weaning,2.5E-4
true,acf,jyv,put-down,5.0E-6
true,j,d,eat,5.0E-7
true,j,e,set-heading-random,0.025
true,j,e,go-forward,0.0025
true,j,e,grow-body,5.0E-5
true,j,e,check-adulthood,5.0E-4
true,j,e,conception-chance,5.0E-4","true,e,e,maintain-body,0.03
true,a,d,eat,5.0E-7
true,a,e,set-heading-random,0.025
true,a,e,go-forward,0.025
true,ac,am,mate-with,5.0E-4
true,am,ac,mate-with,5.0E-4
true,ac,am,move-toward,5.0E-5
true,am,ac,move-toward,5.0E-5
true,g,pkv,demand-from,5.0E-7
true,ap,gyv,supply-to,5.0E-6
true,g,e,body-size,1.0E-4
true,g,e,check-infancy,5.0E-4
true,ap,e,check-birth,5.0E-4
true,i,lkv,demand-from,5.0E-7
true,al,iyv,supply-to,5.0E-6
true,i,e,body-size,0.0015
true,i,e,stomach-size,5.0E-4
true,i,e,day-perception-range,2.5E-4
true,i,e,day-perception-angle,2.5E-4
true,i,e,check-juvenility,2.5E-4
true,al,e,check-weaning,2.5E-4
true,acf,jyv,put-down,5.0E-6
true,j,d,eat,5.0E-7
true,j,e,set-heading-random,0.025
true,j,e,go-forward,0.0025
true,j,e,grow-body,5.0E-5
true,j,e,check-adulthood,5.0E-4
true,j,e,conception-chance,5.0E-4",HLKALTVHWF,USYCBCWUZD,0.999999999,0.9,0.7,0.1,0.15,0.5,0,0.999,0.999990291,0.999990357,1.00E-05,0.961535689,0.006355872,1.00E-05,1.00E-05,0,0,0,0,0,1.00E-05,1.48E-05,0.004974134,,0.001,0.001,
anima1s,4885143,,45,156.5063592,76,28, ,0,circle,FALSE,0.9,1,up,female,adult,cycling,1000,45965,TRUE,FALSE,FALSE,FALSE,nobody,"true,e,e,maintain-body,0.03
true,e,on,move-toward,0.01
true,e,on,move-away-from,0.01
true,e,ou,move-away-from,0.1
true,a,d,eat,5.0E-7
true,a,e,set-heading-random,0.025
true,a,e,go-forward,0.025
true,ac,am,mate-with,5.0E-4
true,am,ac,mate-with,5.0E-4
true,ac,am,move-toward,5.0E-5
true,am,ac,move-toward,5.0E-5
true,g,pkv,demand-from,5.0E-7
true,ap,gyv,supply-to,5.0E-6
true,g,e,body-size,1.0E-4
true,g,e,check-infancy,5.0E-4
true,ap,e,check-birth,5.0E-4
true,i,lkv,demand-from,5.0E-7
true,al,iyv,supply-to,5.0E-6
true,i,e,body-size,0.0015
true,i,e,stomach-size,5.0E-4
true,i,e,day-perception-range,2.5E-4
true,i,e,day-perception-angle,2.5E-4
true,i,e,check-juvenility,2.5E-4
true,al,e,check-weaning,2.5E-4
true,acf,jyv,put-down,5.0E-6
true,j,d,eat,5.0E-7
true,j,e,set-heading-random,0.025
true,j,e,go-forward,0.0025
true,j,e,grow-body,5.0E-5
true,j,e,check-adulthood,5.0E-4
true,j,e,conception-chance,5.0E-4","true,e,e,maintain-body,0.03
true,a,d,eat,5.0E-7
true,a,e,set-heading-random,0.025
true,a,e,go-forward,0.025
true,ac,am,mate-with,5.0E-4
true,am,ac,mate-with,5.0E-4
true,ac,am,move-toward,5.0E-5
true,am,ac,move-toward,5.0E-5
true,g,pkv,demand-from,5.0E-7
true,ap,gyv,supply-to,5.0E-6
true,g,e,body-size,1.0E-4
true,g,e,check-infancy,5.0E-4
true,ap,e,check-birth,5.0E-4
true,i,lkv,demand-from,5.0E-7
true,al,iyv,supply-to,5.0E-6
true,i,e,body-size,0.0015
true,i,e,stomach-size,5.0E-4
true,i,e,day-perception-range,2.5E-4
true,i,e,day-perception-angle,2.5E-4
true,i,e,check-juvenility,2.5E-4
true,al,e,check-weaning,2.5E-4
true,acf,jyv,put-down,5.0E-6
true,j,d,eat,5.0E-7
true,j,e,set-heading-random,0.025
true,j,e,go-forward,0.0025
true,j,e,grow-body,5.0E-5
true,j,e,check-adulthood,5.0E-4
true,j,e,conception-chance,5.0E-4",ADIVSPMAFO,LQMIEPPKCY,0.999999999,0.9,0.7,0.1,0.15,0.5,0,0.999,0.999990291,0.999990291,1.00E-05,0.61792039,0.022185268,1.00E-05,1.00E-05,0,0,0,0,0,1.00E-05,1.40E-05,0.018467835,,0.008119299,0.00261418,
anima1s,6737800,,105,143.799108,23,75, ,0,circle,FALSE,0.9,1,up,female,adult,cycling,1000,5145,TRUE,FALSE,FALSE,FALSE,nobody,"true,e,e,maintain-body,0.03
true,e,on,move-toward,0.01
true,e,on,move-away-from,0.01
true,e,ou,move-away-from,0.1
true,a,d,eat,5.0E-7
true,a,e,set-heading-random,0.025
true,a,e,go-forward,0.025
true,ac,am,mate-with,5.0E-4
true,am,ac,mate-with,5.0E-4
true,ac,am,move-toward,5.0E-5
true,am,ac,move-toward,5.0E-5
true,g,pkv,demand-from,5.0E-7
true,ap,gyv,supply-to,5.0E-6
true,g,e,body-size,1.0E-4
true,g,e,check-infancy,5.0E-4
true,ap,e,check-birth,5.0E-4
true,i,lkv,demand-from,5.0E-7
true,al,iyv,supply-to,5.0E-6
true,i,e,body-size,0.0015
true,i,e,stomach-size,5.0E-4
true,i,e,day-perception-range,2.5E-4
true,i,e,day-perception-angle,2.5E-4
true,i,e,check-juvenility,2.5E-4
true,al,e,check-weaning,2.5E-4
true,acf,jyv,put-down,5.0E-6
true,j,d,eat,5.0E-7
true,j,e,set-heading-random,0.025
true,j,e,go-forward,0.0025
true,j,e,grow-body,5.0E-5
true,j,e,check-adulthood,5.0E-4
true,j,e,conception-chance,5.0E-4","true,e,e,maintain-body,0.03
true,a,d,eat,5.0E-7
true,a,e,set-heading-random,0.025
true,a,e,go-forward,0.025
true,ac,am,mate-with,5.0E-4
true,am,ac,mate-with,5.0E-4
true,ac,am,move-toward,5.0E-5
true,am,ac,move-toward,5.0E-5
true,g,pkv,demand-from,5.0E-7
true,ap,gyv,supply-to,5.0E-6
true,g,e,body-size,1.0E-4
true,g,e,check-infancy,5.0E-4
true,ap,e,check-birth,5.0E-4
true,i,lkv,demand-from,5.0E-7
true,al,iyv,supply-to,5.0E-6
true,i,e,body-size,0.0015
true,i,e,stomach-size,5.0E-4
true,i,e,day-perception-range,2.5E-4
true,i,e,day-perception-angle,2.5E-4
true,i,e,check-juvenility,2.5E-4
true,al,e,check-weaning,2.5E-4
true,acf,jyv,put-down,5.0E-6
true,j,d,eat,5.0E-7
true,j,e,set-heading-random,0.025
true,j,e,go-forward,0.0025
true,j,e,grow-body,5.0E-5
true,j,e,check-adulthood,5.0E-4
true,j,e,conception-chance,5.0E-4",UDKECXCJTL,KCCOOURJTD,0.999999999,0.9,0.7,0.1,0.15,0.5,0,0.999,0.999990291,0.999945834,1.15E-05,0.987292134,0.006175381,1.15E-05,1.00E-05,0,0,0,0,0,1.20E-05,1.31E-05,0.004260689,,-0.001,0.001,
anima1s,2011522,,15,156.5063592,23,25, ,0,circle,FALSE,0.9,1,up,female,adult,cycling,1000,85415,TRUE,FALSE,FALSE,FALSE,nobody,"true,e,e,maintain-body,0.03
true,e,on,move-toward,0.01
true,e,on,move-away-from,0.01
true,e,ou,move-away-from,0.1
true,a,d,eat,5.0E-7
true,a,e,set-heading-random,0.025
true,a,e,go-forward,0.025
true,ac,am,mate-with,5.0E-4
true,am,ac,mate-with,5.0E-4
true,ac,am,move-toward,5.0E-5
true,am,ac,move-toward,5.0E-5
true,g,pkv,demand-from,5.0E-7
true,ap,gyv,supply-to,5.0E-6
true,g,e,body-size,1.0E-4
true,g,e,check-infancy,5.0E-4
true,ap,e,check-birth,5.0E-4
true,i,lkv,demand-from,5.0E-7
true,al,iyv,supply-to,5.0E-6
true,i,e,body-size,0.0015
true,i,e,stomach-size,5.0E-4
true,i,e,day-perception-range,2.5E-4
true,i,e,day-perception-angle,2.5E-4
true,i,e,check-juvenility,2.5E-4
true,al,e,check-weaning,2.5E-4
true,acf,jyv,put-down,5.0E-6
true,j,d,eat,5.0E-7
true,j,e,set-heading-random,0.025
true,j,e,go-forward,0.0025
true,j,e,grow-body,5.0E-5
true,j,e,check-adulthood,5.0E-4
true,j,e,conception-chance,5.0E-4","true,e,e,maintain-body,0.03
true,a,d,eat,5.0E-7
true,a,e,set-heading-random,0.025
true,a,e,go-forward,0.025
true,ac,am,mate-with,5.0E-4
true,am,ac,mate-with,5.0E-4
true,ac,am,move-toward,5.0E-5
true,am,ac,move-toward,5.0E-5
true,g,pkv,demand-from,5.0E-7
true,ap,gyv,supply-to,5.0E-6
true,g,e,body-size,1.0E-4
true,g,e,check-infancy,5.0E-4
true,ap,e,check-birth,5.0E-4
true,i,lkv,demand-from,5.0E-7
true,al,iyv,supply-to,5.0E-6
true,i,e,body-size,0.0015
true,i,e,stomach-size,5.0E-4
true,i,e,day-perception-range,2.5E-4
true,i,e,day-perception-angle,2.5E-4
true,i,e,check-juvenility,2.5E-4
true,al,e,check-weaning,2.5E-4
true,acf,jyv,put-down,5.0E-6
true,j,d,eat,5.0E-7
true,j,e,set-heading-random,0.025
true,j,e,go-forward,0.0025
true,j,e,grow-body,5.0E-5
true,j,e,check-adulthood,5.0E-4
true,j,e,conception-chance,5.0E-4",UFRPALWECO,NCDUCUUMAM,0.999999999,0.9,0.7,0.1,0.15,0.5,0,0.999,0.999990291,0.999990291,1.00E-05,0.61792039,0.022185268,1.00E-05,1.00E-05,0,0,0,0,0,1.00E-05,1.40E-05,0.018467835,,0.008119299,0.00261418,
anima1s,9109154,,105,41.83098457,26,75, ,0,triangle,FALSE,0.9,1,up,male,adult, ,1000,5145,TRUE,FALSE,FALSE,FALSE,nobody,"true,e,e,maintain-body,0.03
true,e,on,move-toward,0.01
true,e,on,move-away-from,0.01
true,e,ou,move-away-from,0.1
true,a,d,eat,5.0E-7
true,a,e,set-heading-random,0.025
true,a,e,go-forward,0.025
true,ac,am,mate-with,5.0E-4
true,am,ac,mate-with,5.0E-4
true,ac,am,move-toward,5.0E-5
true,am,ac,move-toward,5.0E-5
true,g,pkv,demand-from,5.0E-7
true,ap,gyv,supply-to,5.0E-6
true,g,e,body-size,1.0E-4
true,g,e,check-infancy,5.0E-4
true,ap,e,check-birth,5.0E-4
true,i,lkv,demand-from,5.0E-7
true,al,iyv,supply-to,5.0E-6
true,i,e,body-size,0.0015
true,i,e,stomach-size,5.0E-4
true,i,e,day-perception-range,2.5E-4
true,i,e,day-perception-angle,2.5E-4
true,i,e,check-juvenility,2.5E-4
true,al,e,check-weaning,2.5E-4
true,acf,jyv,put-down,5.0E-6
true,j,d,eat,5.0E-7
true,j,e,set-heading-random,0.025
true,j,e,go-forward,0.0025
true,j,e,grow-body,5.0E-5
true,j,e,check-adulthood,5.0E-4
true,j,e,conception-chance,5.0E-4","true,e,e,maintain-body,0.03
true,a,d,eat,5.0E-7
true,a,e,set-heading-random,0.025
true,a,e,go-forward,0.025
true,ac,am,mate-with,5.0E-4
true,am,ac,mate-with,5.0E-4
true,ac,am,move-toward,5.0E-5
true,am,ac,move-toward,5.0E-5
true,g,pkv,demand-from,5.0E-7
true,ap,gyv,supply-to,5.0E-6
true,g,e,body-size,1.0E-4
true,g,e,check-infancy,5.0E-4
true,ap,e,check-birth,5.0E-4
true,i,lkv,demand-from,5.0E-7
true,al,iyv,supply-to,5.0E-6
true,i,e,body-size,0.0015
true,i,e,stomach-size,5.0E-4
true,i,e,day-perception-range,2.5E-4
true,i,e,day-perception-angle,2.5E-4
true,i,e,check-juvenility,2.5E-4
true,al,e,check-weaning,2.5E-4
true,acf,jyv,put-down,5.0E-6
true,j,d,eat,5.0E-7
true,j,e,set-heading-random,0.025
true,j,e,go-forward,0.0025
true,j,e,grow-body,5.0E-5
true,j,e,check-adulthood,5.0E-4
true,j,e,conception-chance,5.0E-4",GCNELPDVMK,QKDIWTQSTW,0.999999999,0.9,0.7,0.1,0.15,0.5,0,0.999,0.999990441,0.999990291,1.00E-05,0.999990047,0.786231475,1.00E-05,1.00E-05,0,0,0,0,0,1.20E-05,1.40E-05,0.009184971,,0.001,0.001,
anima1s,1055721,,105,87.8388971,27,75, ,0,triangle,FALSE,0.9,1,up,male,adult, ,1000,5145,TRUE,FALSE,FALSE,FALSE,nobody,"true,e,e,maintain-body,0.03
true,e,on,move-toward,0.01
true,e,on,move-away-from,0.01
true,e,ou,move-away-from,0.1
true,a,d,eat,5.0E-7
true,a,e,set-heading-random,0.025
true,a,e,go-forward,0.025
true,ac,am,mate-with,5.0E-4
true,am,ac,mate-with,5.0E-4
true,ac,am,move-toward,5.0E-5
true,am,ac,move-toward,5.0E-5
true,g,pkv,demand-from,5.0E-7
true,ap,gyv,supply-to,5.0E-6
true,g,e,body-size,1.0E-4
true,g,e,check-infancy,5.0E-4
true,ap,e,check-birth,5.0E-4
true,i,lkv,demand-from,5.0E-7
true,al,iyv,supply-to,5.0E-6
true,i,e,body-size,0.0015
true,i,e,stomach-size,5.0E-4
true,i,e,day-perception-range,2.5E-4
true,i,e,day-perception-angle,2.5E-4
true,i,e,check-juvenility,2.5E-4
true,al,e,check-weaning,2.5E-4
true,acf,jyv,put-down,5.0E-6
true,j,d,eat,5.0E-7
true,j,e,set-heading-random,0.025
true,j,e,go-forward,0.0025
true,j,e,grow-body,5.0E-5
true,j,e,check-adulthood,5.0E-4
true,j,e,conception-chance,5.0E-4","true,e,e,maintain-body,0.03
true,a,d,eat,5.0E-7
true,a,e,set-heading-random,0.025
true,a,e,go-forward,0.025
true,ac,am,mate-with,5.0E-4
true,am,ac,mate-with,5.0E-4
true,ac,am,move-toward,5.0E-5
true,am,ac,move-toward,5.0E-5
true,g,pkv,demand-from,5.0E-7
true,ap,gyv,supply-to,5.0E-6
true,g,e,body-size,1.0E-4
true,g,e,check-infancy,5.0E-4
true,ap,e,check-birth,5.0E-4
true,i,lkv,demand-from,5.0E-7
true,al,iyv,supply-to,5.0E-6
true,i,e,body-size,0.0015
true,i,e,stomach-size,5.0E-4
true,i,e,day-perception-range,2.5E-4
true,i,e,day-perception-angle,2.5E-4
true,i,e,check-juvenility,2.5E-4
true,al,e,check-weaning,2.5E-4
true,acf,jyv,put-down,5.0E-6
true,j,d,eat,5.0E-7
true,j,e,set-heading-random,0.025
true,j,e,go-forward,0.0025
true,j,e,grow-body,5.0E-5
true,j,e,check-adulthood,5.0E-4
true,j,e,conception-chance,5.0E-4",ERFWIQIZYJ,IYEPXTXRXQ,0.999999999,0.9,0.7,0.1,0.15,0.5,0,0.999,0.999990291,0.999989022,1.00E-05,0.996979266,0.009667676,1.00E-05,1.00E-05,0,0,0,0,0,1.31E-05,1.32E-05,0.007060939,,-0.001,-0.001,
anima1s,9471242,,15,41.83098457,28,28, ,0,triangle,FALSE,0.9,1,up,male,adult, ,1000,85415,TRUE,FALSE,FALSE,FALSE,nobody,"true,e,e,maintain-body,0.03
true,e,on,move-toward,0.01
true,e,on,move-away-from,0.01
true,e,ou,move-away-from,0.1
true,a,d,eat,5.0E-7
true,a,e,set-heading-random,0.025
true,a,e,go-forward,0.025
true,ac,am,mate-with,5.0E-4
true,am,ac,mate-with,5.0E-4
true,ac,am,move-toward,5.0E-5
true,am,ac,move-toward,5.0E-5
true,g,pkv,demand-from,5.0E-7
true,ap,gyv,supply-to,5.0E-6
true,g,e,body-size,1.0E-4
true,g,e,check-infancy,5.0E-4
true,ap,e,check-birth,5.0E-4
true,i,lkv,demand-from,5.0E-7
true,al,iyv,supply-to,5.0E-6
true,i,e,body-size,0.0015
true,i,e,stomach-size,5.0E-4
true,i,e,day-perception-range,2.5E-4
true,i,e,day-perception-angle,2.5E-4
true,i,e,check-juvenility,2.5E-4
true,al,e,check-weaning,2.5E-4
true,acf,jyv,put-down,5.0E-6
true,j,d,eat,5.0E-7
true,j,e,set-heading-random,0.025
true,j,e,go-forward,0.0025
true,j,e,grow-body,5.0E-5
true,j,e,check-adulthood,5.0E-4
true,j,e,conception-chance,5.0E-4","true,e,e,maintain-body,0.03
true,a,d,eat,5.0E-7
true,a,e,set-heading-random,0.025
true,a,e,go-forward,0.025
true,ac,am,mate-with,5.0E-4
true,am,ac,mate-with,5.0E-4
true,ac,am,move-toward,5.0E-5
true,am,ac,move-toward,5.0E-5
true,g,pkv,demand-from,5.0E-7
true,ap,gyv,supply-to,5.0E-6
true,g,e,body-size,1.0E-4
true,g,e,check-infancy,5.0E-4
true,ap,e,check-birth,5.0E-4
true,i,lkv,demand-from,5.0E-7
true,al,iyv,supply-to,5.0E-6
true,i,e,body-size,0.0015
true,i,e,stomach-size,5.0E-4
true,i,e,day-perception-range,2.5E-4
true,i,e,day-perception-angle,2.5E-4
true,i,e,check-juvenility,2.5E-4
true,al,e,check-weaning,2.5E-4
true,acf,jyv,put-down,5.0E-6
true,j,d,eat,5.0E-7
true,j,e,set-heading-random,0.025
true,j,e,go-forward,0.0025
true,j,e,grow-body,5.0E-5
true,j,e,check-adulthood,5.0E-4
true,j,e,conception-chance,5.0E-4",OUNLHYTRBX,NSIVRNQBHP,0.999999999,0.9,0.7,0.1,0.15,0.5,0,0.999,0.999990441,0.999990291,1.00E-05,0.999990047,0.786231475,1.00E-05,1.00E-05,0,0,0,0,0,1.20E-05,1.40E-05,0.009184971,,0.001,0.001,
anima1s,2800541,,105,50.6485522,23,77, ,0,circle,FALSE,0.9,1,up,female,adult,cycling,1000,5145,TRUE,FALSE,FALSE,FALSE,nobody,"true,e,e,maintain-body,0.03
true,e,on,move-toward,0.01
true,e,on,move-away-from,0.01
true,e,ou,move-away-from,0.1
true,a,d,eat,5.0E-7
true,a,e,set-heading-random,0.025
true,a,e,go-forward,0.025
true,ac,am,mate-with,5.0E-4
true,am,ac,mate-with,5.0E-4
true,ac,am,move-toward,5.0E-5
true,am,ac,move-toward,5.0E-5
true,g,pkv,demand-from,5.0E-7
true,ap,gyv,supply-to,5.0E-6
true,g,e,body-size,1.0E-4
true,g,e,check-infancy,5.0E-4
true,ap,e,check-birth,5.0E-4
true,i,lkv,demand-from,5.0E-7
true,al,iyv,supply-to,5.0E-6
true,i,e,body-size,0.0015
true,i,e,stomach-size,5.0E-4
true,i,e,day-perception-range,2.5E-4
true,i,e,day-perception-angle,2.5E-4
true,i,e,check-juvenility,2.5E-4
true,al,e,check-weaning,2.5E-4
true,acf,jyv,put-down,5.0E-6
true,j,d,eat,5.0E-7
true,j,e,set-heading-random,0.025
true,j,e,go-forward,0.0025
true,j,e,grow-body,5.0E-5
true,j,e,check-adulthood,5.0E-4
true,j,e,conception-chance,5.0E-4","true,e,e,maintain-body,0.03
true,a,d,eat,5.0E-7
true,a,e,set-heading-random,0.025
true,a,e,go-forward,0.025
true,ac,am,mate-with,5.0E-4
true,am,ac,mate-with,5.0E-4
true,ac,am,move-toward,5.0E-5
true,am,ac,move-toward,5.0E-5
true,g,pkv,demand-from,5.0E-7
true,ap,gyv,supply-to,5.0E-6
true,g,e,body-size,1.0E-4
true,g,e,check-infancy,5.0E-4
true,ap,e,check-birth,5.0E-4
true,i,lkv,demand-from,5.0E-7
true,al,iyv,supply-to,5.0E-6
true,i,e,body-size,0.0015
true,i,e,stomach-size,5.0E-4
true,i,e,day-perception-range,2.5E-4
true,i,e,day-perception-angle,2.5E-4
true,i,e,check-juvenility,2.5E-4
true,al,e,check-weaning,2.5E-4
true,acf,jyv,put-down,5.0E-6
true,j,d,eat,5.0E-7
true,j,e,set-heading-random,0.025
true,j,e,go-forward,0.0025
true,j,e,grow-body,5.0E-5
true,j,e,check-adulthood,5.0E-4
true,j,e,conception-chance,5.0E-4",BNDSZEPSVV,NGYCLDREKO,0.999999999,0.9,0.7,0.1,0.15,0.5,0,0.999,0.999990291,0.999990357,1.00E-05,0.989701948,0.024919551,1.00E-05,1.00E-05,0,0,0,0,0,1.00E-05,1.43E-05,0.01941345,,0.001,-0.001,
anima1s,3637029,,75,154.6749923,79,74, ,0,circle,FALSE,0.9,1,up,female,adult,cycling,1000,8475,TRUE,FALSE,FALSE,FALSE,nobody,"true,e,e,maintain-body,0.03
true,e,on,move-toward,0.01
true,e,on,move-away-from,0.01
true,e,ou,move-away-from,0.1
true,a,d,eat,5.0E-7
true,a,e,set-heading-random,0.025
true,a,e,go-forward,0.025
true,ac,am,mate-with,5.0E-4
true,am,ac,mate-with,5.0E-4
true,ac,am,move-toward,5.0E-5
true,am,ac,move-toward,5.0E-5
true,g,pkv,demand-from,5.0E-7
true,ap,gyv,supply-to,5.0E-6
true,g,e,body-size,1.0E-4
true,g,e,check-infancy,5.0E-4
true,ap,e,check-birth,5.0E-4
true,i,lkv,demand-from,5.0E-7
true,al,iyv,supply-to,5.0E-6
true,i,e,body-size,0.0015
true,i,e,stomach-size,5.0E-4
true,i,e,day-perception-range,2.5E-4
true,i,e,day-perception-angle,2.5E-4
true,i,e,check-juvenility,2.5E-4
true,al,e,check-weaning,2.5E-4
true,acf,jyv,put-down,5.0E-6
true,j,d,eat,5.0E-7
true,j,e,set-heading-random,0.025
true,j,e,go-forward,0.0025
true,j,e,grow-body,5.0E-5
true,j,e,check-adulthood,5.0E-4
true,j,e,conception-chance,5.0E-4","true,e,e,maintain-body,0.03
true,a,d,eat,5.0E-7
true,a,e,set-heading-random,0.025
true,a,e,go-forward,0.025
true,ac,am,mate-with,5.0E-4
true,am,ac,mate-with,5.0E-4
true,ac,am,move-toward,5.0E-5
true,am,ac,move-toward,5.0E-5
true,g,pkv,demand-from,5.0E-7
true,ap,gyv,supply-to,5.0E-6
true,g,e,body-size,1.0E-4
true,g,e,check-infancy,5.0E-4
true,ap,e,check-birth,5.0E-4
true,i,lkv,demand-from,5.0E-7
true,al,iyv,supply-to,5.0E-6
true,i,e,body-size,0.0015
true,i,e,stomach-size,5.0E-4
true,i,e,day-perception-range,2.5E-4
true,i,e,day-perception-angle,2.5E-4
true,i,e,check-juvenility,2.5E-4
true,al,e,check-weaning,2.5E-4
true,acf,jyv,put-down,5.0E-6
true,j,d,eat,5.0E-7
true,j,e,set-heading-random,0.025
true,j,e,go-forward,0.0025
true,j,e,grow-body,5.0E-5
true,j,e,check-adulthood,5.0E-4
true,j,e,conception-chance,5.0E-4",TIBJXRYVQC,QHORGOSYUP,0.999999999,0.9,0.7,0.1,0.15,0.5,0,0.999,0.999990291,0.999989652,1.00E-05,0.961641617,0.009842748,1.00E-05,1.00E-05,0,0,0,0,0,1.00E-05,1.25E-05,0.00718763,,-0.001,0.001,
anima1s,3608839,,75,91.91053652,72,75, ,0,triangle,FALSE,0.9,1,up,male,adult, ,1000,8475,TRUE,FALSE,FALSE,FALSE,nobody,"true,e,e,maintain-body,0.03
true,e,on,move-toward,0.01
true,e,on,move-away-from,0.01
true,e,ou,move-away-from,0.1
true,a,d,eat,5.0E-7
true,a,e,set-heading-random,0.025
true,a,e,go-forward,0.025
true,ac,am,mate-with,5.0E-4
true,am,ac,mate-with,5.0E-4
true,ac,am,move-toward,5.0E-5
true,am,ac,move-toward,5.0E-5
true,g,pkv,demand-from,5.0E-7
true,ap,gyv,supply-to,5.0E-6
true,g,e,body-size,1.0E-4
true,g,e,check-infancy,5.0E-4
true,ap,e,check-birth,5.0E-4
true,i,lkv,demand-from,5.0E-7
true,al,iyv,supply-to,5.0E-6
true,i,e,body-size,0.0015
true,i,e,stomach-size,5.0E-4
true,i,e,day-perception-range,2.5E-4
true,i,e,day-perception-angle,2.5E-4
true,i,e,check-juvenility,2.5E-4
true,al,e,check-weaning,2.5E-4
true,acf,jyv,put-down,5.0E-6
true,j,d,eat,5.0E-7
true,j,e,set-heading-random,0.025
true,j,e,go-forward,0.0025
true,j,e,grow-body,5.0E-5
true,j,e,check-adulthood,5.0E-4
true,j,e,conception-chance,5.0E-4","true,e,e,maintain-body,0.03
true,a,d,eat,5.0E-7
true,a,e,set-heading-random,0.025
true,a,e,go-forward,0.025
true,ac,am,mate-with,5.0E-4
true,am,ac,mate-with,5.0E-4
true,ac,am,move-toward,5.0E-5
true,am,ac,move-toward,5.0E-5
true,g,pkv,demand-from,5.0E-7
true,ap,gyv,supply-to,5.0E-6
true,g,e,body-size,1.0E-4
true,g,e,check-infancy,5.0E-4
true,ap,e,check-birth,5.0E-4
true,i,lkv,demand-from,5.0E-7
true,al,iyv,supply-to,5.0E-6
true,i,e,body-size,0.0015
true,i,e,stomach-size,5.0E-4
true,i,e,day-perception-range,2.5E-4
true,i,e,day-perception-angle,2.5E-4
true,i,e,check-juvenility,2.5E-4
true,al,e,check-weaning,2.5E-4
true,acf,jyv,put-down,5.0E-6
true,j,d,eat,5.0E-7
true,j,e,set-heading-random,0.025
true,j,e,go-forward,0.0025
true,j,e,grow-body,5.0E-5
true,j,e,check-adulthood,5.0E-4
true,j,e,conception-chance,5.0E-4",ADQLJFVVXW,GZWADVUDFF,0.999999999,0.9,0.7,0.1,0.15,0.5,0,0.999,0.999990357,0.999990291,1.00E-05,0.97760851,0.012687061,1.00E-05,1.00E-05,0,0,0,0,0,1.20E-05,1.28E-05,0.009875685,,0.001,0.001,
anima1s,9814855,,15,44.22993366,24,27, ,0,triangle,FALSE,0.9,1,up,male,adult, ,1000,85415,TRUE,FALSE,FALSE,FALSE,nobody,"true,e,e,maintain-body,0.03
true,e,on,move-toward,0.01
true,e,on,move-away-from,0.01
true,e,ou,move-away-from,0.1
true,a,d,eat,5.0E-7
true,a,e,set-heading-random,0.025
true,a,e,go-forward,0.025
true,ac,am,mate-with,5.0E-4
true,am,ac,mate-with,5.0E-4
true,ac,am,move-toward,5.0E-5
true,am,ac,move-toward,5.0E-5
true,g,pkv,demand-from,5.0E-7
true,ap,gyv,supply-to,5.0E-6
true,g,e,body-size,1.0E-4
true,g,e,check-infancy,5.0E-4
true,ap,e,check-birth,5.0E-4
true,i,lkv,demand-from,5.0E-7
true,al,iyv,supply-to,5.0E-6
true,i,e,body-size,0.0015
true,i,e,stomach-size,5.0E-4
true,i,e,day-perception-range,2.5E-4
true,i,e,day-perception-angle,2.5E-4
true,i,e,check-juvenility,2.5E-4
true,al,e,check-weaning,2.5E-4
true,acf,jyv,put-down,5.0E-6
true,j,d,eat,5.0E-7
true,j,e,set-heading-random,0.025
true,j,e,go-forward,0.0025
true,j,e,grow-body,5.0E-5
true,j,e,check-adulthood,5.0E-4
true,j,e,conception-chance,5.0E-4","true,e,e,maintain-body,0.03
true,a,d,eat,5.0E-7
true,a,e,set-heading-random,0.025
true,a,e,go-forward,0.025
true,ac,am,mate-with,5.0E-4
true,am,ac,mate-with,5.0E-4
true,ac,am,move-toward,5.0E-5
true,am,ac,move-toward,5.0E-5
true,g,pkv,demand-from,5.0E-7
true,ap,gyv,supply-to,5.0E-6
true,g,e,body-size,1.0E-4
true,g,e,check-infancy,5.0E-4
true,ap,e,check-birth,5.0E-4
true,i,lkv,demand-from,5.0E-7
true,al,iyv,supply-to,5.0E-6
true,i,e,body-size,0.0015
true,i,e,stomach-size,5.0E-4
true,i,e,day-perception-range,2.5E-4
true,i,e,day-perception-angle,2.5E-4
true,i,e,check-juvenility,2.5E-4
true,al,e,check-weaning,2.5E-4
true,acf,jyv,put-down,5.0E-6
true,j,d,eat,5.0E-7
true,j,e,set-heading-random,0.025
true,j,e,go-forward,0.0025
true,j,e,grow-body,5.0E-5
true,j,e,check-adulthood,5.0E-4
true,j,e,conception-chance,5.0E-4",QKFLILZDJH,PPBDSFLHMY,0.999999999,0.9,0.7,0.1,0.15,0.5,0,0.999,0.999990291,0.999990291,1.00E-05,0.990840755,0.018452505,1.00E-05,1.00E-05,0,0,0,0,0,1.25E-05,1.27E-05,0.014358473,,0.001,-0.001,
anima1s,1811052,,15,113.3188444,26,26, ,0,triangle,FALSE,0.9,1,up,male,adult, ,1000,85415,TRUE,FALSE,FALSE,FALSE,nobody,"true,e,e,maintain-body,0.03
true,e,on,move-toward,0.01
true,e,on,move-away-from,0.01
true,e,ou,move-away-from,0.1
true,a,d,eat,5.0E-7
true,a,e,set-heading-random,0.025
true,a,e,go-forward,0.025
true,ac,am,mate-with,5.0E-4
true,am,ac,mate-with,5.0E-4
true,ac,am,move-toward,5.0E-5
true,am,ac,move-toward,5.0E-5
true,g,pkv,demand-from,5.0E-7
true,ap,gyv,supply-to,5.0E-6
true,g,e,body-size,1.0E-4
true,g,e,check-infancy,5.0E-4
true,ap,e,check-birth,5.0E-4
true,i,lkv,demand-from,5.0E-7
true,al,iyv,supply-to,5.0E-6
true,i,e,body-size,0.0015
true,i,e,stomach-size,5.0E-4
true,i,e,day-perception-range,2.5E-4
true,i,e,day-perception-angle,2.5E-4
true,i,e,check-juvenility,2.5E-4
true,al,e,check-weaning,2.5E-4
true,acf,jyv,put-down,5.0E-6
true,j,d,eat,5.0E-7
true,j,e,set-heading-random,0.025
true,j,e,go-forward,0.0025
true,j,e,grow-body,5.0E-5
true,j,e,check-adulthood,5.0E-4
true,j,e,conception-chance,5.0E-4","true,e,e,maintain-body,0.03
true,a,d,eat,5.0E-7
true,a,e,set-heading-random,0.025
true,a,e,go-forward,0.025
true,ac,am,mate-with,5.0E-4
true,am,ac,mate-with,5.0E-4
true,ac,am,move-toward,5.0E-5
true,am,ac,move-toward,5.0E-5
true,g,pkv,demand-from,5.0E-7
true,ap,gyv,supply-to,5.0E-6
true,g,e,body-size,1.0E-4
true,g,e,check-infancy,5.0E-4
true,ap,e,check-birth,5.0E-4
true,i,lkv,demand-from,5.0E-7
true,al,iyv,supply-to,5.0E-6
true,i,e,body-size,0.0015
true,i,e,stomach-size,5.0E-4
true,i,e,day-perception-range,2.5E-4
true,i,e,day-perception-angle,2.5E-4
true,i,e,check-juvenility,2.5E-4
true,al,e,check-weaning,2.5E-4
true,acf,jyv,put-down,5.0E-6
true,j,d,eat,5.0E-7
true,j,e,set-heading-random,0.025
true,j,e,go-forward,0.0025
true,j,e,grow-body,5.0E-5
true,j,e,check-adulthood,5.0E-4
true,j,e,conception-chance,5.0E-4",VBGKEWTZVB,GOOBJSZJDI,0.999999999,0.9,0.7,0.1,0.15,0.5,0,0.999,0.999990291,0.999990357,1.00E-05,0.999911616,0.724501761,1.00E-05,1.00E-05,0,0,0,0,0,1.00E-05,1.28E-05,0.006605284,,-0.001,0.001,
anima1s,7144334,,75,90.58014103,73,75, ,0,circle,FALSE,0.9,1,up,female,adult,cycling,1000,8475,TRUE,FALSE,FALSE,FALSE,nobody,"true,e,e,maintain-body,0.03
true,e,on,move-toward,0.01
true,e,on,move-away-from,0.01
true,e,ou,move-away-from,0.1
true,a,d,eat,5.0E-7
true,a,e,set-heading-random,0.025
true,a,e,go-forward,0.025
true,ac,am,mate-with,5.0E-4
true,am,ac,mate-with,5.0E-4
true,ac,am,move-toward,5.0E-5
true,am,ac,move-toward,5.0E-5
true,g,pkv,demand-from,5.0E-7
true,ap,gyv,supply-to,5.0E-6
true,g,e,body-size,1.0E-4
true,g,e,check-infancy,5.0E-4
true,ap,e,check-birth,5.0E-4
true,i,lkv,demand-from,5.0E-7
true,al,iyv,supply-to,5.0E-6
true,i,e,body-size,0.0015
true,i,e,stomach-size,5.0E-4
true,i,e,day-perception-range,2.5E-4
true,i,e,day-perception-angle,2.5E-4
true,i,e,check-juvenility,2.5E-4
true,al,e,check-weaning,2.5E-4
true,acf,jyv,put-down,5.0E-6
true,j,d,eat,5.0E-7
true,j,e,set-heading-random,0.025
true,j,e,go-forward,0.0025
true,j,e,grow-body,5.0E-5
true,j,e,check-adulthood,5.0E-4
true,j,e,conception-chance,5.0E-4","true,e,e,maintain-body,0.03
true,a,d,eat,5.0E-7
true,a,e,set-heading-random,0.025
true,a,e,go-forward,0.025
true,ac,am,mate-with,5.0E-4
true,am,ac,mate-with,5.0E-4
true,ac,am,move-toward,5.0E-5
true,am,ac,move-toward,5.0E-5
true,g,pkv,demand-from,5.0E-7
true,ap,gyv,supply-to,5.0E-6
true,g,e,body-size,1.0E-4
true,g,e,check-infancy,5.0E-4
true,ap,e,check-birth,5.0E-4
true,i,lkv,demand-from,5.0E-7
true,al,iyv,supply-to,5.0E-6
true,i,e,body-size,0.0015
true,i,e,stomach-size,5.0E-4
true,i,e,day-perception-range,2.5E-4
true,i,e,day-perception-angle,2.5E-4
true,i,e,check-juvenility,2.5E-4
true,al,e,check-weaning,2.5E-4
true,acf,jyv,put-down,5.0E-6
true,j,d,eat,5.0E-7
true,j,e,set-heading-random,0.025
true,j,e,go-forward,0.0025
true,j,e,grow-body,5.0E-5
true,j,e,check-adulthood,5.0E-4
true,j,e,conception-chance,5.0E-4",WNWBXMMBZV,FEITUZYRNA,0.999999999,0.9,0.7,0.1,0.15,0.5,0,0.999,0.999990291,0.999990357,1.00E-05,0.979849987,0.023152555,1.00E-05,1.00E-05,0,0,0,0,0,9.98E-06,1.24E-05,0.019276195,,0.001,-0.001,
anima1s,1538477,,15,183.4812445,21,22, ,0,circle,FALSE,0.9,1,up,female,adult,cycling,1000,85415,TRUE,FALSE,FALSE,FALSE,nobody,"true,e,e,maintain-body,0.03
true,e,on,move-toward,0.01
true,e,on,move-away-from,0.01
true,e,ou,move-away-from,0.1
true,a,d,eat,5.0E-7
true,a,e,set-heading-random,0.025
true,a,e,go-forward,0.025
true,ac,am,mate-with,5.0E-4
true,am,ac,mate-with,5.0E-4
true,ac,am,move-toward,5.0E-5
true,am,ac,move-toward,5.0E-5
true,g,pkv,demand-from,5.0E-7
true,ap,gyv,supply-to,5.0E-6
true,g,e,body-size,1.0E-4
true,g,e,check-infancy,5.0E-4
true,ap,e,check-birth,5.0E-4
true,i,lkv,demand-from,5.0E-7
true,al,iyv,supply-to,5.0E-6
true,i,e,body-size,0.0015
true,i,e,stomach-size,5.0E-4
true,i,e,day-perception-range,2.5E-4
true,i,e,day-perception-angle,2.5E-4
true,i,e,check-juvenility,2.5E-4
true,al,e,check-weaning,2.5E-4
true,acf,jyv,put-down,5.0E-6
true,j,d,eat,5.0E-7
true,j,e,set-heading-random,0.025
true,j,e,go-forward,0.0025
true,j,e,grow-body,5.0E-5
true,j,e,check-adulthood,5.0E-4
true,j,e,conception-chance,5.0E-4","true,e,e,maintain-body,0.03
true,a,d,eat,5.0E-7
true,a,e,set-heading-random,0.025
true,a,e,go-forward,0.025
true,ac,am,mate-with,5.0E-4
true,am,ac,mate-with,5.0E-4
true,ac,am,move-toward,5.0E-5
true,am,ac,move-toward,5.0E-5
true,g,pkv,demand-from,5.0E-7
true,ap,gyv,supply-to,5.0E-6
true,g,e,body-size,1.0E-4
true,g,e,check-infancy,5.0E-4
true,ap,e,check-birth,5.0E-4
true,i,lkv,demand-from,5.0E-7
true,al,iyv,supply-to,5.0E-6
true,i,e,body-size,0.0015
true,i,e,stomach-size,5.0E-4
true,i,e,day-perception-range,2.5E-4
true,i,e,day-perception-angle,2.5E-4
true,i,e,check-juvenility,2.5E-4
true,al,e,check-weaning,2.5E-4
true,acf,jyv,put-down,5.0E-6
true,j,d,eat,5.0E-7
true,j,e,set-heading-random,0.025
true,j,e,go-forward,0.0025
true,j,e,grow-body,5.0E-5
true,j,e,check-adulthood,5.0E-4
true,j,e,conception-chance,5.0E-4",WTOAYJTWXQ,NJCXEPNXVI,0.999999999,0.9,0.7,0.1,0.15,0.5,0,0.999,0.999990291,0.999954892,1.00E-05,0.983739506,0.011767117,1.00E-05,1.00E-05,0,0,0,0,0,1.00E-05,1.25E-05,0.00979394,,-0.001,0.001,
anima1s,7069662,,105,343.0384063,24,77, ,0,circle,FALSE,0.9,1,up,female,adult,cycling,1000,5145,TRUE,FALSE,FALSE,FALSE,nobody,"true,e,e,maintain-body,0.03
true,e,on,move-toward,0.01
true,e,on,move-away-from,0.01
true,e,ou,move-away-from,0.1
true,a,d,eat,5.0E-7
true,a,e,set-heading-random,0.025
true,a,e,go-forward,0.025
true,ac,am,mate-with,5.0E-4
true,am,ac,mate-with,5.0E-4
true,ac,am,move-toward,5.0E-5
true,am,ac,move-toward,5.0E-5
true,g,pkv,demand-from,5.0E-7
true,ap,gyv,supply-to,5.0E-6
true,g,e,body-size,1.0E-4
true,g,e,check-infancy,5.0E-4
true,ap,e,check-birth,5.0E-4
true,i,lkv,demand-from,5.0E-7
true,al,iyv,supply-to,5.0E-6
true,i,e,body-size,0.0015
true,i,e,stomach-size,5.0E-4
true,i,e,day-perception-range,2.5E-4
true,i,e,day-perception-angle,2.5E-4
true,i,e,check-juvenility,2.5E-4
true,al,e,check-weaning,2.5E-4
true,acf,jyv,put-down,5.0E-6
true,j,d,eat,5.0E-7
true,j,e,set-heading-random,0.025
true,j,e,go-forward,0.0025
true,j,e,grow-body,5.0E-5
true,j,e,check-adulthood,5.0E-4
true,j,e,conception-chance,5.0E-4","true,e,e,maintain-body,0.03
true,a,d,eat,5.0E-7
true,a,e,set-heading-random,0.025
true,a,e,go-forward,0.025
true,ac,am,mate-with,5.0E-4
true,am,ac,mate-with,5.0E-4
true,ac,am,move-toward,5.0E-5
true,am,ac,move-toward,5.0E-5
true,g,pkv,demand-from,5.0E-7
true,ap,gyv,supply-to,5.0E-6
true,g,e,body-size,1.0E-4
true,g,e,check-infancy,5.0E-4
true,ap,e,check-birth,5.0E-4
true,i,lkv,demand-from,5.0E-7
true,al,iyv,supply-to,5.0E-6
true,i,e,body-size,0.0015
true,i,e,stomach-size,5.0E-4
true,i,e,day-perception-range,2.5E-4
true,i,e,day-perception-angle,2.5E-4
true,i,e,check-juvenility,2.5E-4
true,al,e,check-weaning,2.5E-4
true,acf,jyv,put-down,5.0E-6
true,j,d,eat,5.0E-7
true,j,e,set-heading-random,0.025
true,j,e,go-forward,0.0025
true,j,e,grow-body,5.0E-5
true,j,e,check-adulthood,5.0E-4
true,j,e,conception-chance,5.0E-4",BUHSRRBAZC,LJYULFGBKN,0.999999999,0.9,0.7,0.1,0.15,0.5,0,0.999,0.9999335,0.999019218,1.00E-05,0.966313391,0.00164816,1.00E-05,1.00E-05,0,0,0,0,0,1.29E-05,1.28E-05,0.001488055,,0.001,0.001,
anima1s,9234199,,45,47.27087472,75,23, ,0,circle,FALSE,0.9,1,up,female,adult,cycling,1000,45965,TRUE,FALSE,FALSE,FALSE,nobody,"true,e,e,maintain-body,0.03
true,e,on,move-toward,0.01
true,e,on,move-away-from,0.01
true,e,ou,move-away-from,0.1
true,a,d,eat,5.0E-7
true,a,e,set-heading-random,0.025
true,a,e,go-forward,0.025
true,ac,am,mate-with,5.0E-4
true,am,ac,mate-with,5.0E-4
true,ac,am,move-toward,5.0E-5
true,am,ac,move-toward,5.0E-5
true,g,pkv,demand-from,5.0E-7
true,ap,gyv,supply-to,5.0E-6
true,g,e,body-size,1.0E-4
true,g,e,check-infancy,5.0E-4
true,ap,e,check-birth,5.0E-4
true,i,lkv,demand-from,5.0E-7
true,al,iyv,supply-to,5.0E-6
true,i,e,body-size,0.0015
true,i,e,stomach-size,5.0E-4
true,i,e,day-perception-range,2.5E-4
true,i,e,day-perception-angle,2.5E-4
true,i,e,check-juvenility,2.5E-4
true,al,e,check-weaning,2.5E-4
true,acf,jyv,put-down,5.0E-6
true,j,d,eat,5.0E-7
true,j,e,set-heading-random,0.025
true,j,e,go-forward,0.0025
true,j,e,grow-body,5.0E-5
true,j,e,check-adulthood,5.0E-4
true,j,e,conception-chance,5.0E-4","true,e,e,maintain-body,0.03
true,a,d,eat,5.0E-7
true,a,e,set-heading-random,0.025
true,a,e,go-forward,0.025
true,ac,am,mate-with,5.0E-4
true,am,ac,mate-with,5.0E-4
true,ac,am,move-toward,5.0E-5
true,am,ac,move-toward,5.0E-5
true,g,pkv,demand-from,5.0E-7
true,ap,gyv,supply-to,5.0E-6
true,g,e,body-size,1.0E-4
true,g,e,check-infancy,5.0E-4
true,ap,e,check-birth,5.0E-4
true,i,lkv,demand-from,5.0E-7
true,al,iyv,supply-to,5.0E-6
true,i,e,body-size,0.0015
true,i,e,stomach-size,5.0E-4
true,i,e,day-perception-range,2.5E-4
true,i,e,day-perception-angle,2.5E-4
true,i,e,check-juvenility,2.5E-4
true,al,e,check-weaning,2.5E-4
true,acf,jyv,put-down,5.0E-6
true,j,d,eat,5.0E-7
true,j,e,set-heading-random,0.025
true,j,e,go-forward,0.0025
true,j,e,grow-body,5.0E-5
true,j,e,check-adulthood,5.0E-4
true,j,e,conception-chance,5.0E-4",MRQPYFRRKB,CLEHZNFLRQ,0.999999999,0.9,0.7,0.1,0.15,0.5,0,0.999,0.999990291,9.23E-06,0,0.999989361,0.606081466,1.00E-05,9.99E-06,0,0,0,0,0,1.00E-05,9.99E-06,0.004097154,,-0.001,-0.001,
anima1s,4334529,,75,52.93872296,73,74, ,0,circle,FALSE,0.9,1,up,female,adult,cycling,1000,8475,TRUE,FALSE,FALSE,FALSE,nobody,"true,e,e,maintain-body,0.03
true,e,on,move-toward,0.01
true,e,on,move-away-from,0.01
true,e,ou,move-away-from,0.1
true,a,d,eat,5.0E-7
true,a,e,set-heading-random,0.025
true,a,e,go-forward,0.025
true,ac,am,mate-with,5.0E-4
true,am,ac,mate-with,5.0E-4
true,ac,am,move-toward,5.0E-5
true,am,ac,move-toward,5.0E-5
true,g,pkv,demand-from,5.0E-7
true,ap,gyv,supply-to,5.0E-6
true,g,e,body-size,1.0E-4
true,g,e,check-infancy,5.0E-4
true,ap,e,check-birth,5.0E-4
true,i,lkv,demand-from,5.0E-7
true,al,iyv,supply-to,5.0E-6
true,i,e,body-size,0.0015
true,i,e,stomach-size,5.0E-4
true,i,e,day-perception-range,2.5E-4
true,i,e,day-perception-angle,2.5E-4
true,i,e,check-juvenility,2.5E-4
true,al,e,check-weaning,2.5E-4
true,acf,jyv,put-down,5.0E-6
true,j,d,eat,5.0E-7
true,j,e,set-heading-random,0.025
true,j,e,go-forward,0.0025
true,j,e,grow-body,5.0E-5
true,j,e,check-adulthood,5.0E-4
true,j,e,conception-chance,5.0E-4","true,e,e,maintain-body,0.03
true,a,d,eat,5.0E-7
true,a,e,set-heading-random,0.025
true,a,e,go-forward,0.025
true,ac,am,mate-with,5.0E-4
true,am,ac,mate-with,5.0E-4
true,ac,am,move-toward,5.0E-5
true,am,ac,move-toward,5.0E-5
true,g,pkv,demand-from,5.0E-7
true,ap,gyv,supply-to,5.0E-6
true,g,e,body-size,1.0E-4
true,g,e,check-infancy,5.0E-4
true,ap,e,check-birth,5.0E-4
true,i,lkv,demand-from,5.0E-7
true,al,iyv,supply-to,5.0E-6
true,i,e,body-size,0.0015
true,i,e,stomach-size,5.0E-4
true,i,e,day-perception-range,2.5E-4
true,i,e,day-perception-angle,2.5E-4
true,i,e,check-juvenility,2.5E-4
true,al,e,check-weaning,2.5E-4
true,acf,jyv,put-down,5.0E-6
true,j,d,eat,5.0E-7
true,j,e,set-heading-random,0.025
true,j,e,go-forward,0.0025
true,j,e,grow-body,5.0E-5
true,j,e,check-adulthood,5.0E-4
true,j,e,conception-chance,5.0E-4",VWXJTSGOTN,JTQTUCENUP,0.999999999,0.9,0.7,0.1,0.15,0.5,0,0.999,0.999990291,0.999990291,1.00E-05,0.999967958,0.449695332,1.00E-05,1.00E-05,0,0,0,0,0,1.27E-05,1.32E-05,0.002159067,,-5.23E-04,-0.00105121,
anima1s,7692145,,45,41.83098457,73,23, ,0,triangle,FALSE,0.9,1,up,male,adult, ,1000,45965,TRUE,FALSE,FALSE,FALSE,nobody,"true,e,e,maintain-body,0.03
true,e,on,move-toward,0.01
true,e,on,move-away-from,0.01
true,e,ou,move-away-from,0.1
true,a,d,eat,5.0E-7
true,a,e,set-heading-random,0.025
true,a,e,go-forward,0.025
true,ac,am,mate-with,5.0E-4
true,am,ac,mate-with,5.0E-4
true,ac,am,move-toward,5.0E-5
true,am,ac,move-toward,5.0E-5
true,g,pkv,demand-from,5.0E-7
true,ap,gyv,supply-to,5.0E-6
true,g,e,body-size,1.0E-4
true,g,e,check-infancy,5.0E-4
true,ap,e,check-birth,5.0E-4
true,i,lkv,demand-from,5.0E-7
true,al,iyv,supply-to,5.0E-6
true,i,e,body-size,0.0015
true,i,e,stomach-size,5.0E-4
true,i,e,day-perception-range,2.5E-4
true,i,e,day-perception-angle,2.5E-4
true,i,e,check-juvenility,2.5E-4
true,al,e,check-weaning,2.5E-4
true,acf,jyv,put-down,5.0E-6
true,j,d,eat,5.0E-7
true,j,e,set-heading-random,0.025
true,j,e,go-forward,0.0025
true,j,e,grow-body,5.0E-5
true,j,e,check-adulthood,5.0E-4
true,j,e,conception-chance,5.0E-4","true,e,e,maintain-body,0.03
true,a,d,eat,5.0E-7
true,a,e,set-heading-random,0.025
true,a,e,go-forward,0.025
true,ac,am,mate-with,5.0E-4
true,am,ac,mate-with,5.0E-4
true,ac,am,move-toward,5.0E-5
true,am,ac,move-toward,5.0E-5
true,g,pkv,demand-from,5.0E-7
true,ap,gyv,supply-to,5.0E-6
true,g,e,body-size,1.0E-4
true,g,e,check-infancy,5.0E-4
true,ap,e,check-birth,5.0E-4
true,i,lkv,demand-from,5.0E-7
true,al,iyv,supply-to,5.0E-6
true,i,e,body-size,0.0015
true,i,e,stomach-size,5.0E-4
true,i,e,day-perception-range,2.5E-4
true,i,e,day-perception-angle,2.5E-4
true,i,e,check-juvenility,2.5E-4
true,al,e,check-weaning,2.5E-4
true,acf,jyv,put-down,5.0E-6
true,j,d,eat,5.0E-7
true,j,e,set-heading-random,0.025
true,j,e,go-forward,0.0025
true,j,e,grow-body,5.0E-5
true,j,e,check-adulthood,5.0E-4
true,j,e,conception-chance,5.0E-4",DEGLRPJIPM,XGRDWKBKJZ,0.999999999,0.9,0.7,0.1,0.15,0.5,0,0.999,0.999990441,0.999990291,1.00E-05,0.999990047,0.786231475,1.00E-05,1.00E-05,0,0,0,0,0,1.20E-05,1.40E-05,0.009184971,,0.001,0.001,
anima1s,6380862,,15,7.994237519,27,23, ,0,triangle,FALSE,0.9,1,up,male,adult, ,1000,85415,TRUE,FALSE,FALSE,FALSE,nobody,"true,e,e,maintain-body,0.03
true,e,on,move-toward,0.01
true,e,on,move-away-from,0.01
true,e,ou,move-away-from,0.1
true,a,d,eat,5.0E-7
true,a,e,set-heading-random,0.025
true,a,e,go-forward,0.025
true,ac,am,mate-with,5.0E-4
true,am,ac,mate-with,5.0E-4
true,ac,am,move-toward,5.0E-5
true,am,ac,move-toward,5.0E-5
true,g,pkv,demand-from,5.0E-7
true,ap,gyv,supply-to,5.0E-6
true,g,e,body-size,1.0E-4
true,g,e,check-infancy,5.0E-4
true,ap,e,check-birth,5.0E-4
true,i,lkv,demand-from,5.0E-7
true,al,iyv,supply-to,5.0E-6
true,i,e,body-size,0.0015
true,i,e,stomach-size,5.0E-4
true,i,e,day-perception-range,2.5E-4
true,i,e,day-perception-angle,2.5E-4
true,i,e,check-juvenility,2.5E-4
true,al,e,check-weaning,2.5E-4
true,acf,jyv,put-down,5.0E-6
true,j,d,eat,5.0E-7
true,j,e,set-heading-random,0.025
true,j,e,go-forward,0.0025
true,j,e,grow-body,5.0E-5
true,j,e,check-adulthood,5.0E-4
true,j,e,conception-chance,5.0E-4","true,e,e,maintain-body,0.03
true,a,d,eat,5.0E-7
true,a,e,set-heading-random,0.025
true,a,e,go-forward,0.025
true,ac,am,mate-with,5.0E-4
true,am,ac,mate-with,5.0E-4
true,ac,am,move-toward,5.0E-5
true,am,ac,move-toward,5.0E-5
true,g,pkv,demand-from,5.0E-7
true,ap,gyv,supply-to,5.0E-6
true,g,e,body-size,1.0E-4
true,g,e,check-infancy,5.0E-4
true,ap,e,check-birth,5.0E-4
true,i,lkv,demand-from,5.0E-7
true,al,iyv,supply-to,5.0E-6
true,i,e,body-size,0.0015
true,i,e,stomach-size,5.0E-4
true,i,e,day-perception-range,2.5E-4
true,i,e,day-perception-angle,2.5E-4
true,i,e,check-juvenility,2.5E-4
true,al,e,check-weaning,2.5E-4
true,acf,jyv,put-down,5.0E-6
true,j,d,eat,5.0E-7
true,j,e,set-heading-random,0.025
true,j,e,go-forward,0.0025
true,j,e,grow-body,5.0E-5
true,j,e,check-adulthood,5.0E-4
true,j,e,conception-chance,5.0E-4",QLXKIUHEFC,ESNAVTRJDI,0.999999999,0.9,0.7,0.1,0.15,0.5,0,0.999,0.999990357,0.999990291,1.00E-05,0.997311449,0.02606108,1.00E-05,1.00E-05,0,0,0,0,0,1.29E-05,1.43E-05,0.021709964,,-0.001,0.001,
anima1s,3956778,,75,216.633083,75,75, ,0,triangle,FALSE,0.9,1,up,male,adult, ,1000,8475,TRUE,FALSE,FALSE,FALSE,nobody,"true,e,e,maintain-body,0.03
true,e,on,move-toward,0.01
true,e,on,move-away-from,0.01
true,e,ou,move-away-from,0.1
true,a,d,eat,5.0E-7
true,a,e,set-heading-random,0.025
true,a,e,go-forward,0.025
true,ac,am,mate-with,5.0E-4
true,am,ac,mate-with,5.0E-4
true,ac,am,move-toward,5.0E-5
true,am,ac,move-toward,5.0E-5
true,g,pkv,demand-from,5.0E-7
true,ap,gyv,supply-to,5.0E-6
true,g,e,body-size,1.0E-4
true,g,e,check-infancy,5.0E-4
true,ap,e,check-birth,5.0E-4
true,i,lkv,demand-from,5.0E-7
true,al,iyv,supply-to,5.0E-6
true,i,e,body-size,0.0015
true,i,e,stomach-size,5.0E-4
true,i,e,day-perception-range,2.5E-4
true,i,e,day-perception-angle,2.5E-4
true,i,e,check-juvenility,2.5E-4
true,al,e,check-weaning,2.5E-4
true,acf,jyv,put-down,5.0E-6
true,j,d,eat,5.0E-7
true,j,e,set-heading-random,0.025
true,j,e,go-forward,0.0025
true,j,e,grow-body,5.0E-5
true,j,e,check-adulthood,5.0E-4
true,j,e,conception-chance,5.0E-4","true,e,e,maintain-body,0.03
true,a,d,eat,5.0E-7
true,a,e,set-heading-random,0.025
true,a,e,go-forward,0.025
true,ac,am,mate-with,5.0E-4
true,am,ac,mate-with,5.0E-4
true,ac,am,move-toward,5.0E-5
true,am,ac,move-toward,5.0E-5
true,g,pkv,demand-from,5.0E-7
true,ap,gyv,supply-to,5.0E-6
true,g,e,body-size,1.0E-4
true,g,e,check-infancy,5.0E-4
true,ap,e,check-birth,5.0E-4
true,i,lkv,demand-from,5.0E-7
true,al,iyv,supply-to,5.0E-6
true,i,e,body-size,0.0015
true,i,e,stomach-size,5.0E-4
true,i,e,day-perception-range,2.5E-4
true,i,e,day-perception-angle,2.5E-4
true,i,e,check-juvenility,2.5E-4
true,al,e,check-weaning,2.5E-4
true,acf,jyv,put-down,5.0E-6
true,j,d,eat,5.0E-7
true,j,e,set-heading-random,0.025
true,j,e,go-forward,0.0025
true,j,e,grow-body,5.0E-5
true,j,e,check-adulthood,5.0E-4
true,j,e,conception-chance,5.0E-4",EPHUWKFQBO,NKIPRKEHDP,0.999999999,0.9,0.7,0.1,0.15,0.5,0,0.999,0.999990291,0.999990357,1.00E-05,0.979982355,9.89E-06,1.00E-05,1.00E-05,0,0,0,0,0,1.00E-05,1.43E-05,0.007645384,,0.001,-0.001,
anima1s,6642969,,75,309.2810772,73,75, ,0,circle,FALSE,0.9,1,up,female,adult,cycling,1000,8475,TRUE,FALSE,FALSE,FALSE,nobody,"true,e,e,maintain-body,0.03
true,e,on,move-toward,0.01
true,e,on,move-away-from,0.01
true,e,ou,move-away-from,0.1
true,a,d,eat,5.0E-7
true,a,e,set-heading-random,0.025
true,a,e,go-forward,0.025
true,ac,am,mate-with,5.0E-4
true,am,ac,mate-with,5.0E-4
true,ac,am,move-toward,5.0E-5
true,am,ac,move-toward,5.0E-5
true,g,pkv,demand-from,5.0E-7
true,ap,gyv,supply-to,5.0E-6
true,g,e,body-size,1.0E-4
true,g,e,check-infancy,5.0E-4
true,ap,e,check-birth,5.0E-4
true,i,lkv,demand-from,5.0E-7
true,al,iyv,supply-to,5.0E-6
true,i,e,body-size,0.0015
true,i,e,stomach-size,5.0E-4
true,i,e,day-perception-range,2.5E-4
true,i,e,day-perception-angle,2.5E-4
true,i,e,check-juvenility,2.5E-4
true,al,e,check-weaning,2.5E-4
true,acf,jyv,put-down,5.0E-6
true,j,d,eat,5.0E-7
true,j,e,set-heading-random,0.025
true,j,e,go-forward,0.0025
true,j,e,grow-body,5.0E-5
true,j,e,check-adulthood,5.0E-4
true,j,e,conception-chance,5.0E-4","true,e,e,maintain-body,0.03
true,a,d,eat,5.0E-7
true,a,e,set-heading-random,0.025
true,a,e,go-forward,0.025
true,ac,am,mate-with,5.0E-4
true,am,ac,mate-with,5.0E-4
true,ac,am,move-toward,5.0E-5
true,am,ac,move-toward,5.0E-5
true,g,pkv,demand-from,5.0E-7
true,ap,gyv,supply-to,5.0E-6
true,g,e,body-size,1.0E-4
true,g,e,check-infancy,5.0E-4
true,ap,e,check-birth,5.0E-4
true,i,lkv,demand-from,5.0E-7
true,al,iyv,supply-to,5.0E-6
true,i,e,body-size,0.0015
true,i,e,stomach-size,5.0E-4
true,i,e,day-perception-range,2.5E-4
true,i,e,day-perception-angle,2.5E-4
true,i,e,check-juvenility,2.5E-4
true,al,e,check-weaning,2.5E-4
true,acf,jyv,put-down,5.0E-6
true,j,d,eat,5.0E-7
true,j,e,set-heading-random,0.025
true,j,e,go-forward,0.0025
true,j,e,grow-body,5.0E-5
true,j,e,check-adulthood,5.0E-4
true,j,e,conception-chance,5.0E-4",QOACKCFYDV,GTBURSNXBJ,0.999999999,0.9,0.7,0.1,0.15,0.5,0,0.999,0.99999013,0.999907788,1.00E-05,0.982880417,0.004528187,1.00E-05,1.00E-05,0,0,0,0,0,1.00E-05,1.23E-05,0.003560316,,-7.00E-04,-0.001943382,
anima1s,7945191,,75,352.0656484,74,78, ,0,triangle,FALSE,0.9,1,up,male,adult, ,1000,8475,TRUE,FALSE,FALSE,FALSE,nobody,"true,e,e,maintain-body,0.03
true,e,on,move-toward,0.01
true,e,on,move-away-from,0.01
true,e,ou,move-away-from,0.1
true,a,d,eat,5.0E-7
true,a,e,set-heading-random,0.025
true,a,e,go-forward,0.025
true,ac,am,mate-with,5.0E-4
true,am,ac,mate-with,5.0E-4
true,ac,am,move-toward,5.0E-5
true,am,ac,move-toward,5.0E-5
true,g,pkv,demand-from,5.0E-7
true,ap,gyv,supply-to,5.0E-6
true,g,e,body-size,1.0E-4
true,g,e,check-infancy,5.0E-4
true,ap,e,check-birth,5.0E-4
true,i,lkv,demand-from,5.0E-7
true,al,iyv,supply-to,5.0E-6
true,i,e,body-size,0.0015
true,i,e,stomach-size,5.0E-4
true,i,e,day-perception-range,2.5E-4
true,i,e,day-perception-angle,2.5E-4
true,i,e,check-juvenility,2.5E-4
true,al,e,check-weaning,2.5E-4
true,acf,jyv,put-down,5.0E-6
true,j,d,eat,5.0E-7
true,j,e,set-heading-random,0.025
true,j,e,go-forward,0.0025
true,j,e,grow-body,5.0E-5
true,j,e,check-adulthood,5.0E-4
true,j,e,conception-chance,5.0E-4","true,e,e,maintain-body,0.03
true,a,d,eat,5.0E-7
true,a,e,set-heading-random,0.025
true,a,e,go-forward,0.025
true,ac,am,mate-with,5.0E-4
true,am,ac,mate-with,5.0E-4
true,ac,am,move-toward,5.0E-5
true,am,ac,move-toward,5.0E-5
true,g,pkv,demand-from,5.0E-7
true,ap,gyv,supply-to,5.0E-6
true,g,e,body-size,1.0E-4
true,g,e,check-infancy,5.0E-4
true,ap,e,check-birth,5.0E-4
true,i,lkv,demand-from,5.0E-7
true,al,iyv,supply-to,5.0E-6
true,i,e,body-size,0.0015
true,i,e,stomach-size,5.0E-4
true,i,e,day-perception-range,2.5E-4
true,i,e,day-perception-angle,2.5E-4
true,i,e,check-juvenility,2.5E-4
true,al,e,check-weaning,2.5E-4
true,acf,jyv,put-down,5.0E-6
true,j,d,eat,5.0E-7
true,j,e,set-heading-random,0.025
true,j,e,go-forward,0.0025
true,j,e,grow-body,5.0E-5
true,j,e,check-adulthood,5.0E-4
true,j,e,conception-chance,5.0E-4",UEDEHUKFOL,FNHUZDLVID,0.999999999,0.9,0.7,0.1,0.15,0.5,0,0.999,0.999988004,0.999833461,1.00E-05,0.953415846,0.003444218,1.00E-05,1.00E-05,0,0,0,0,0,1.27E-05,9.99E-06,0.002896132,,0.001,0.001,