breed,meta-id,color,heading,xcor,ycor,shape,label,label-color,hidden?,size,pen-size,pen-mode,generation,mother-id,father-id,natal-group-id,sex,chromosome-I,chromosome-II,life_history,_signal_a_on,_signal_b_on,_signal_c_on,_a_signal_chance,_b_signal_chance,_c_signal_chance,previous-group-id,current-group-id,_energy,_stomach,_reserves,_living_chance,_body_size,_body_shade,_day_perception_range,_night_perception_range,_audio_perception_range,_mutation_chance,_sex_ratio,_litter_size,_conception_chance,_birthing_chance,_weaning_chance,_infancy_chance,_juvenility_chance,_adulthood_chance,_senescency_chance,_mortality_chance,ticks-at-birth,ticks-at-weaning,ticks-at-sexual-maturity,ticks-at-senescence,ticks-at-death,is-dead?
anima1s,9157732,58.99999848552757,100.48111798406512,12.17807057638001,17.81368124792786,triangleac,"a ",0,false,1,1,up,6,7466698,7246969,351480,male,"EGO,EQL,TRU,THN,DSC,0.5,THN,DEC,0.1
EGO,EQL,TRU,THN,PDN,0.99,ANY,CRD,EQL,TRU,NNN,LFH,EQL,JUV
ELH,EQL,ADT,THN,EAT,0.999,ANY,ISP,EQL,TRU
ELH,EQL,ADT,THN,MAT,0.5,ANY,LFH,EQL,ADT,NNN,SEX,NQL,ESX
ELH,EQL,ADT,THN,FAT,0.4,THN,MNT,0.5,THN,BSD,0.005,THN,MOV,0.35
ELH,EQL,ADT,NNN,EFR,EQL,CYC,THN,FAT,0.8
ELH,EQL,ADT,NNN,EFR,EQL,PRG,THN,FAT,0.05,THN,GVB,0.3,THN,CKB,0.6
ELH,EQL,ADT,NNN,EFR,EQL,PRG,THN,GFT,0.5,ANY,MYO,EQL,true,NNN,LFH,EQL,GES
ELH,EQL,ADT,NNN,EFR,EQL,LAC,THN,FAT,0.635,THN,WEN,0.2,THN,CKW,0.8
ELH,EQL,ADT,NNN,EFR,EQL,LAC,THN,GFT,0.999,ANY,MYO,EQL,true,NNN,LFH,EQL,INF
ELH,EQL,GES,THN,RFT,0.999,ANY,MOM,EQL,TRU
ELH,EQL,GES,THN,MNT,0.5,THN,FAT,0.01,THN,BSD,0.05,THN,GRW,0.05,THN,INC,0.05,THN,CKI,0.1
ELH,EQL,INF,THN,RFT,0.999,ANY,MOM,EQL,TRU
ELH,EQL,INF,THN,MOV,0.001,THN,MNT,0.5,THN,FAT,0.05,THN,BSD,0.05,THN,GRW,0.1,THN,JVC,0.05,THN,CKJ,0.1
ELH,EQL,JUV,THN,EAT,0.999,ANY,ISP,EQL,TRU
ELH,EQL,JUV,THN,MOV,0.015,THN,MNT,0.3,THN,FAT,0.05,THN,BSD,0.05,THN,GRW,0.1,THN,ADC,0.15,THN,CKA,0.9
ELH,EQL,JUV,THN,IPR,0.05,THN,ICC,0.3,THN,MTR,0.05,THN,LTS,0.001
ELH,EQL,SEN,THN,EAT,0.999,ANY,ISP,EQL,TRU
ELH,EQL,SEN,THN,MNT,-0.05,THN,MOV,0.2,THN,FAT,0.5","EGO,EQL,TRU,THN,DSC,0.5,THN,DEC,0.1
EGO,EQL,TRU,THN,PDN,0.99,ANY,CRD,EQL,TRU,NNN,LFH,EQL,JUV
ELH,EQL,ADT,THN,EAT,0.999,ANY,ISP,EQL,TRU
ELH,EQL,ADT,THN,MAT,0.5,ANY,LFH,EQL,ADT,NNN,SEX,NQL,ESX
ELH,EQL,ADT,THN,FAT,0.4,THN,MNT,0.5,THN,BSD,0.005,THN,MOV,0.35
ELH,EQL,ADT,NNN,EFR,EQL,CYC,THN,FAT,0.8
ELH,EQL,ADT,NNN,EFR,EQL,PRG,THN,FAT,0.05,THN,GVB,0.3,THN,CKB,0.6
ELH,EQL,ADT,NNN,EFR,EQL,PRG,THN,GFT,0.5,ANY,MYO,EQL,true,NNN,LFH,EQL,GES
ELH,EQL,ADT,NNN,EFR,EQL,LAC,THN,FAT,0.635,THN,WEN,0.2,THN,CKW,0.8
ELH,EQL,ADT,NNN,EFR,EQL,LAC,THN,GFT,0.999,ANY,MYO,EQL,true,NNN,LFH,EQL,INF
ELH,EQL,GES,THN,RFT,0.999,ANY,MOM,EQL,TRU
ELH,EQL,GES,THN,MNT,0.5,THN,FAT,0.01,THN,BSD,0.05,THN,GRW,0.05,THN,INC,0.05,THN,CKI,0.1
ELH,EQL,INF,THN,RFT,0.999,ANY,MOM,EQL,TRU
ELH,EQL,INF,THN,MOV,0.001,THN,MNT,0.5,THN,FAT,0.05,THN,BSD,0.05,THN,GRW,0.1,THN,JVC,0.05,THN,CKJ,0.1
ELH,EQL,JUV,THN,EAT,0.999,ANY,ISP,EQL,TRU
ELH,EQL,JUV,THN,MOV,0.015,THN,MNT,0.3,THN,FAT,0.05,THN,BSD,0.05,THN,GRW,0.1,THN,ADC,0.15,THN,CKA,0.9
ELH,EQL,JUV,THN,IPR,0.05,THN,ICC,0.3,THN,MTR,0.05,THN,LTS,0.001
ELH,EQL,SEN,THN,EAT,0.999,ANY,ISP,EQL,TRU
ELH,EQL,SEN,THN,MNT,-0.05,THN,MOV,0.2,THN,FAT,0.5",adult,true,false,true,Nothing named _A_SIGNAL_CHANCE has been defined.,Nothing named _B_SIGNAL_CHANCE has been defined.,Nothing named _C_SIGNAL_CHANCE has been defined.,605327,522596,1.0901974098235037,0.0162144286196406,1.11E307,1,1,6.593205885683822E-7,0.5,0,0,2.28326506970537E-310,7.559445884654547E-5,2.4309726666878883E-24,1,2.4309726666878883E-24,2.4309726666878883E-24,3.4252142225988145E-23,2.4309726666878883E-24,8.498326573225834E-47,2.4309726666878883E-24,Nothing named _MORTALITY_CHANCE has been defined.,4748,4865,285,0,0,false
anima1s,6541884,108.99994163197779,196.69834853325463,11.149989110527985,25.23987319959711,circleac,ac,0,false,1,1,up,7,4452226,4661198,894868,female,"EGO,EQL,TRU,THN,DSC,0.5,THN,DEC,0.1
EGO,EQL,TRU,THN,PDN,0.99,ANY,CRD,EQL,TRU,NNN,LFH,EQL,JUV
ELH,EQL,ADT,THN,EAT,0.999,ANY,ISP,EQL,TRU
ELH,EQL,ADT,THN,MAT,0.5,ANY,LFH,EQL,ADT,NNN,SEX,NQL,ESX
ELH,EQL,ADT,THN,FAT,0.4,THN,MNT,0.5,THN,BSD,0.005,THN,MOV,0.35
ELH,EQL,ADT,NNN,EFR,EQL,CYC,THN,FAT,0.8
ELH,EQL,ADT,NNN,EFR,EQL,PRG,THN,FAT,0.05,THN,GVB,0.3,THN,CKB,0.6
ELH,EQL,ADT,NNN,EFR,EQL,PRG,THN,GFT,0.5,ANY,MYO,EQL,true,NNN,LFH,EQL,GES
ELH,EQL,ADT,NNN,EFR,EQL,LAC,THN,FAT,0.635,THN,WEN,0.2,THN,CKW,0.8
ELH,EQL,ADT,NNN,EFR,EQL,LAC,THN,GFT,0.999,ANY,MYO,EQL,true,NNN,LFH,EQL,INF
ELH,EQL,GES,THN,RFT,0.999,ANY,MOM,EQL,TRU
ELH,EQL,GES,THN,MNT,0.5,THN,FAT,0.01,THN,BSD,0.05,THN,GRW,0.05,THN,INC,0.05,THN,CKI,0.1
ELH,EQL,INF,THN,RFT,0.999,ANY,MOM,EQL,TRU
ELH,EQL,INF,THN,MOV,0.001,THN,MNT,0.5,THN,FAT,0.05,THN,BSD,0.05,THN,GRW,0.1,THN,JVC,0.05,THN,CKJ,0.1
ELH,EQL,JUV,THN,EAT,0.999,ANY,ISP,EQL,TRU
ELH,EQL,JUV,THN,MOV,0.015,THN,MNT,0.3,THN,FAT,0.05,THN,BSD,0.05,THN,GRW,0.1,THN,ADC,0.15,THN,CKA,0.9
ELH,EQL,JUV,THN,IPR,0.05,THN,ICC,0.3,THN,MTR,0.05,THN,LTS,0.001
ELH,EQL,SEN,THN,EAT,0.999,ANY,ISP,EQL,TRU
ELH,EQL,SEN,THN,MNT,-0.05,THN,MOV,0.2,THN,FAT,0.5","EGO,EQL,TRU,THN,DSC,0.5,THN,DEC,0.1
EGO,EQL,TRU,THN,PDN,0.99,ANY,CRD,EQL,TRU,NNN,LFH,EQL,JUV
ELH,EQL,ADT,THN,EAT,0.999,ANY,ISP,EQL,TRU
ELH,EQL,ADT,THN,MAT,0.5,ANY,LFH,EQL,ADT,NNN,SEX,NQL,ESX
ELH,EQL,ADT,THN,FAT,0.4,THN,MNT,0.5,THN,BSD,0.005,THN,MOV,0.35
ELH,EQL,ADT,NNN,EFR,EQL,CYC,THN,FAT,0.8
ELH,EQL,ADT,NNN,EFR,EQL,PRG,THN,FAT,0.05,THN,GVB,0.3,THN,CKB,0.6
ELH,EQL,ADT,NNN,EFR,EQL,PRG,THN,GFT,0.5,ANY,MYO,EQL,true,NNN,LFH,EQL,GES
ELH,EQL,ADT,NNN,EFR,EQL,LAC,THN,FAT,0.635,THN,WEN,0.2,THN,CKW,0.8
ELH,EQL,ADT,NNN,EFR,EQL,LAC,THN,GFT,0.999,ANY,MYO,EQL,true,NNN,LFH,EQL,INF
ELH,EQL,GES,THN,RFT,0.999,ANY,MOM,EQL,TRU
ELH,EQL,GES,THN,MNT,0.5,THN,FAT,0.01,THN,BSD,0.05,THN,GRW,0.05,THN,INC,0.05,THN,CKI,0.1
ELH,EQL,INF,THN,RFT,0.999,ANY,MOM,EQL,TRU
ELH,EQL,INF,THN,MOV,0.001,THN,MNT,0.5,THN,FAT,0.05,THN,BSD,0.05,THN,GRW,0.1,THN,JVC,0.05,THN,CKJ,0.1
ELH,EQL,JUV,THN,EAT,0.999,ANY,ISP,EQL,TRU
ELH,EQL,JUV,THN,MOV,0.015,THN,MNT,0.3,THN,FAT,0.05,THN,BSD,0.05,THN,GRW,0.1,THN,ADC,0.15,THN,CKA,0.9
ELH,EQL,JUV,THN,IPR,0.05,THN,ICC,0.3,THN,MTR,0.05,THN,LTS,0.001
ELH,EQL,SEN,THN,EAT,0.999,ANY,ISP,EQL,TRU
ELH,EQL,SEN,THN,MNT,-0.05,THN,MOV,0.2,THN,FAT,0.5",adult,true,false,true,Nothing named _A_SIGNAL_CHANCE has been defined.,Nothing named _B_SIGNAL_CHANCE has been defined.,Nothing named _C_SIGNAL_CHANCE has been defined.,651426,504509,0.19322571429114438,0.2501637505376281,7.76E306,1,1,2.5477137526395206E-5,0.5,0,0,7.924921836916802E-5,7.559445884654547E-5,1.9083731916494423E-7,2.2289497369957216E-203,1.9083731916494423E-7,1.9083731916494423E-7,4.3614783706314756E-7,1.9083731916494423E-7,2.127457303978294E-65,1.9083731916494423E-7,Nothing named _MORTALITY_CHANCE has been defined.,3697,5687,285,0,0,false
anima1s,1402495,129,222.95735234511892,9.596564695184895,16.941295653750117,circleac,ap,0,false,1,1,up,6,7466698,9157732,522596,female,"EGO,EQL,TRU,THN,DSC,0.5,THN,DEC,0.1
EGO,EQL,TRU,THN,PDN,0.99,ANY,CRD,EQL,TRU,NNN,LFH,EQL,JUV
ELH,EQL,ADT,THN,EAT,0.999,ANY,ISP,EQL,TRU
ELH,EQL,ADT,THN,MAT,0.5,ANY,LFH,EQL,ADT,NNN,SEX,NQL,ESX
ELH,EQL,ADT,THN,FAT,0.4,THN,MNT,0.5,THN,BSD,0.005,THN,MOV,0.35
ELH,EQL,ADT,NNN,EFR,EQL,CYC,THN,FAT,0.8
ELH,EQL,ADT,NNN,EFR,EQL,PRG,THN,FAT,0.05,THN,GVB,0.3,THN,CKB,0.6
ELH,EQL,ADT,NNN,EFR,EQL,PRG,THN,GFT,0.5,ANY,MYO,EQL,true,NNN,LFH,EQL,GES
ELH,EQL,ADT,NNN,EFR,EQL,LAC,THN,FAT,0.635,THN,WEN,0.2,THN,CKW,0.8
ELH,EQL,ADT,NNN,EFR,EQL,LAC,THN,GFT,0.999,ANY,MYO,EQL,true,NNN,LFH,EQL,INF
ELH,EQL,GES,THN,RFT,0.999,ANY,MOM,EQL,TRU
ELH,EQL,GES,THN,MNT,0.5,THN,FAT,0.01,THN,BSD,0.05,THN,GRW,0.05,THN,INC,0.05,THN,CKI,0.1
ELH,EQL,INF,THN,RFT,0.999,ANY,MOM,EQL,TRU
ELH,EQL,INF,THN,MOV,0.001,THN,MNT,0.5,THN,FAT,0.05,THN,BSD,0.05,THN,GRW,0.1,THN,JVC,0.05,THN,CKJ,0.1
ELH,EQL,JUV,THN,EAT,0.999,ANY,ISP,EQL,TRU
ELH,EQL,JUV,THN,MOV,0.015,THN,MNT,0.3,THN,FAT,0.05,THN,BSD,0.05,THN,GRW,0.1,THN,ADC,0.15,THN,CKA,0.9
ELH,EQL,JUV,THN,IPR,0.05,THN,ICC,0.3,THN,MTR,0.05,THN,LTS,0.001
ELH,EQL,SEN,THN,EAT,0.999,ANY,ISP,EQL,TRU
ELH,EQL,SEN,THN,MNT,-0.05,THN,MOV,0.2,THN,FAT,0.5","EGO,EQL,TRU,THN,DSC,0.5,THN,DEC,0.1
EGO,EQL,TRU,THN,PDN,0.99,ANY,CRD,EQL,TRU,NNN,LFH,EQL,JUV
ELH,EQL,ADT,THN,EAT,0.999,ANY,ISP,EQL,TRU
ELH,EQL,ADT,THN,MAT,0.5,ANY,LFH,EQL,ADT,NNN,SEX,NQL,ESX
ELH,EQL,ADT,THN,FAT,0.4,THN,MNT,0.5,THN,BSD,0.005,THN,MOV,0.35
ELH,EQL,ADT,NNN,EFR,EQL,CYC,THN,FAT,0.8
ELH,EQL,ADT,NNN,EFR,EQL,PRG,THN,FAT,0.05,THN,GVB,0.3,THN,CKB,0.6
ELH,EQL,ADT,NNN,EFR,EQL,PRG,THN,GFT,0.5,ANY,MYO,EQL,true,NNN,LFH,EQL,GES
ELH,EQL,ADT,NNN,EFR,EQL,LAC,THN,FAT,0.635,THN,WEN,0.2,THN,CKW,0.8
ELH,EQL,ADT,NNN,EFR,EQL,LAC,THN,GFT,0.999,ANY,MYO,EQL,true,NNN,LFH,EQL,INF
ELH,EQL,GES,THN,RFT,0.999,ANY,MOM,EQL,TRU
ELH,EQL,GES,THN,MNT,0.5,THN,FAT,0.01,THN,BSD,0.05,THN,GRW,0.05,THN,INC,0.05,THN,CKI,0.1
ELH,EQL,INF,THN,RFT,0.999,ANY,MOM,EQL,TRU
ELH,EQL,INF,THN,MOV,0.001,THN,MNT,0.5,THN,FAT,0.05,THN,BSD,0.05,THN,GRW,0.1,THN,JVC,0.05,THN,CKJ,0.1
ELH,EQL,JUV,THN,EAT,0.999,ANY,ISP,EQL,TRU
ELH,EQL,JUV,THN,MOV,0.015,THN,MNT,0.3,THN,FAT,0.05,THN,BSD,0.05,THN,GRW,0.1,THN,ADC,0.15,THN,CKA,0.9
ELH,EQL,JUV,THN,IPR,0.05,THN,ICC,0.3,THN,MTR,0.05,THN,LTS,0.001
ELH,EQL,SEN,THN,EAT,0.999,ANY,ISP,EQL,TRU
ELH,EQL,SEN,THN,MNT,-0.05,THN,MOV,0.2,THN,FAT,0.5",adult,true,false,true,Nothing named _A_SIGNAL_CHANCE has been defined.,Nothing named _B_SIGNAL_CHANCE has been defined.,Nothing named _C_SIGNAL_CHANCE has been defined.,264360,125045,0.016225346187835818,0.24205653622780782,1.77E307,1,1,6.915668209027493E-27,0.5,0,0,1.6500236183265442E-301,7.559445884654547E-5,1.676489981253742E-54,1,6.308624057392042E-17,1.4755743895424178E-4,6.501704277837006E-49,1.676489981253742E-54,1.8241342228000515E-11,1.676489981253742E-54,Nothing named _MORTALITY_CHANCE has been defined.,3503,3503,285,0,0,false
anima1s,1956755,68.8709040947288,94.8014744360305,18.567836877211885,26.105891051516533,circleac,ac,0,false,1,1,up,6,9544663,6946557,11977,female,"EGO,EQL,TRU,THN,DSC,0.5,THN,DEC,0.1
EGO,EQL,TRU,THN,PDN,0.99,ANY,CRD,EQL,TRU,NNN,LFH,EQL,JUV
ELH,EQL,ADT,THN,EAT,0.999,ANY,ISP,EQL,TRU
ELH,EQL,ADT,THN,MAT,0.5,ANY,LFH,EQL,ADT,NNN,SEX,NQL,ESX
ELH,EQL,ADT,THN,FAT,0.4,THN,MNT,0.5,THN,BSD,0.005,THN,MOV,0.35
ELH,EQL,ADT,NNN,EFR,EQL,CYC,THN,FAT,0.8
ELH,EQL,ADT,NNN,EFR,EQL,PRG,THN,FAT,0.05,THN,GVB,0.3,THN,CKB,0.6
ELH,EQL,ADT,NNN,EFR,EQL,PRG,THN,GFT,0.5,ANY,MYO,EQL,true,NNN,LFH,EQL,GES
ELH,EQL,ADT,NNN,EFR,EQL,LAC,THN,FAT,0.635,THN,WEN,0.2,THN,CKW,0.8
ELH,EQL,ADT,NNN,EFR,EQL,LAC,THN,GFT,0.999,ANY,MYO,EQL,true,NNN,LFH,EQL,INF
ELH,EQL,GES,THN,RFT,0.999,ANY,MOM,EQL,TRU
ELH,EQL,GES,THN,MNT,0.5,THN,FAT,0.01,THN,BSD,0.05,THN,GRW,0.05,THN,INC,0.05,THN,CKI,0.1
ELH,EQL,INF,THN,RFT,0.999,ANY,MOM,EQL,TRU
ELH,EQL,INF,THN,MOV,0.001,THN,MNT,0.5,THN,FAT,0.05,THN,BSD,0.05,THN,GRW,0.1,THN,JVC,0.05,THN,CKJ,0.1
ELH,EQL,JUV,THN,EAT,0.999,ANY,ISP,EQL,TRU
ELH,EQL,JUV,THN,MOV,0.015,THN,MNT,0.3,THN,FAT,0.05,THN,BSD,0.05,THN,GRW,0.1,THN,ADC,0.15,THN,CKA,0.9
ELH,EQL,JUV,THN,IPR,0.05,THN,ICC,0.3,THN,MTR,0.05,THN,LTS,0.001
ELH,EQL,SEN,THN,EAT,0.999,ANY,ISP,EQL,TRU
ELH,EQL,SEN,THN,MNT,-0.05,THN,MOV,0.2,THN,FAT,0.5","EGO,EQL,TRU,THN,DSC,0.5,THN,DEC,0.1
EGO,EQL,TRU,THN,PDN,0.99,ANY,CRD,EQL,TRU,NNN,LFH,EQL,JUV
ELH,EQL,ADT,THN,EAT,0.999,ANY,ISP,EQL,TRU
ELH,EQL,ADT,THN,MAT,0.5,ANY,LFH,EQL,ADT,NNN,SEX,NQL,ESX
ELH,EQL,ADT,THN,FAT,0.4,THN,MNT,0.5,THN,BSD,0.005,THN,MOV,0.35
ELH,EQL,ADT,NNN,EFR,EQL,CYC,THN,FAT,0.8
ELH,EQL,ADT,NNN,EFR,EQL,PRG,THN,FAT,0.05,THN,GVB,0.3,THN,CKB,0.6
ELH,EQL,ADT,NNN,EFR,EQL,PRG,THN,GFT,0.5,ANY,MYO,EQL,true,NNN,LFH,EQL,GES
ELH,EQL,ADT,NNN,EFR,EQL,LAC,THN,FAT,0.635,THN,WEN,0.2,THN,CKW,0.8
ELH,EQL,ADT,NNN,EFR,EQL,LAC,THN,GFT,0.999,ANY,MYO,EQL,true,NNN,LFH,EQL,INF
ELH,EQL,GES,THN,RFT,0.999,ANY,MOM,EQL,TRU
ELH,EQL,GES,THN,MNT,0.5,THN,FAT,0.01,THN,BSD,0.05,THN,GRW,0.05,THN,INC,0.05,THN,CKI,0.1
ELH,EQL,INF,THN,RFT,0.999,ANY,MOM,EQL,TRU
ELH,EQL,INF,THN,MOV,0.001,THN,MNT,0.5,THN,FAT,0.05,THN,BSD,0.05,THN,GRW,0.1,THN,JVC,0.05,THN,CKJ,0.1
ELH,EQL,JUV,THN,EAT,0.999,ANY,ISP,EQL,TRU
ELH,EQL,JUV,THN,MOV,0.015,THN,MNT,0.3,THN,FAT,0.05,THN,BSD,0.05,THN,GRW,0.1,THN,ADC,0.15,THN,CKA,0.9
ELH,EQL,JUV,THN,IPR,0.05,THN,ICC,0.3,THN,MTR,0.05,THN,LTS,0.001
ELH,EQL,SEN,THN,EAT,0.999,ANY,ISP,EQL,TRU
ELH,EQL,SEN,THN,MNT,-0.05,THN,MOV,0.2,THN,FAT,0.5",adult,true,false,true,Nothing named _A_SIGNAL_CHANCE has been defined.,Nothing named _B_SIGNAL_CHANCE has been defined.,Nothing named _C_SIGNAL_CHANCE has been defined.,0,11977,0.19217394725529313,1.0960948590654318,5.35E307,1,1,0.05275812786516072,0.5,0,0,4.14781485321627E-270,7.559445884654547E-5,5.463670506181654E-6,1,5.084566345059896E-11,4.8386898194841864E-6,2.2724149888022313E-254,4.8386898194841864E-6,2.1272140715500457E-178,4.8386898194841864E-6,Nothing named _MORTALITY_CHANCE has been defined.,3007,3080,285,0,0,false
anima1s,933460,118.99684562609241,26.028828204525837,2.735831171784059,14.40257584067128,circle,"g ",0,true,0.04736324106453292,1,up,8,9982531,8390368,344251,female,"EGO,EQL,TRU,THN,DSC,0.5,THN,DEC,0.1
EGO,EQL,TRU,THN,PDN,0.99,ANY,CRD,EQL,TRU,NNN,LFH,EQL,JUV
ELH,EQL,ADT,THN,MAT,0.5,ANY,LFH,EQL,ADT,NNN,SEX,NQL,ESX
ELH,EQL,ADT,THN,FAT,0.4,THN,MNT,0.5,THN,BSD,0.005,THN,MOV,0.35
ELH,EQL,ADT,NNN,EFR,EQL,CYC,THN,FAT,0.8
ELH,EQL,ADT,NNN,EFR,EQL,PRG,THN,FAT,0.05,THN,GVB,0.3,THN,CKB,0.6
ELH,EQL,ADT,NNN,EFR,EQL,PRG,THN,GFT,0.5,ANY,MYO,EQL,true,NNN,LFH,EQL,GES
ELH,EQL,ADT,NNN,EFR,EQL,LAC,THN,FAT,0.635,THN,WEN,0.2,THN,CKW,0.8
ELH,EQL,ADT,NNN,EFR,EQL,LAC,THN,GFT,0.999,ANY,MYO,EQL,true,NNN,LFH,EQL,INF
ELH,EQL,GES,THN,RFT,0.999,ANY,MOM,EQL,TRU
ELH,EQL,GES,THN,MNT,0.5,THN,FAT,0.01,THN,BSD,0.05,THN,GRW,0.05,THN,INC,0.05,THN,CKI,0.1
ELH,EQL,INF,THN,MOV,0.001,THN,MNT,0.5,THN,FAT,0.05,THN,BSD,0.05,THN,GRW,0.1,THN,JVC,0.05,THN,CKJ,0.1
ELH,EQL,JUV,THN,EAT,0.999,ANY,ISP,EQL,TRU
ELH,EQL,JUV,THN,MOV,0.015,THN,MNT,0.3,THN,FAT,0.05,THN,BSD,0.05,THN,GRW,0.1,THN,ADC,0.15,THN,CKA,0.9
ELH,EQL,JUV,THN,IPR,0.05,THN,ICC,0.3,THN,MTR,0.05,THN,LTS,0.001
ELH,EQL,SEN,THN,EAT,0.999,ANY,ISP,EQL,TRU
ELH,EQL,SEN,THN,MNT,-0.05,THN,MOV,0.2,THN,FAT,0.5","EGO,EQL,TRU,THN,DSC,0.5,THN,DEC,0.1
EGO,EQL,TRU,THN,PDN,0.99,ANY,CRD,EQL,TRU,NNN,LFH,EQL,JUV
ELH,EQL,ADT,THN,EAT,0.999,ANY,ISP,EQL,TRU
ELH,EQL,ADT,THN,MAT,0.5,ANY,LFH,EQL,ADT,NNN,SEX,NQL,ESX
ELH,EQL,ADT,NNN,EFR,EQL,CYC,THN,FAT,0.8
ELH,EQL,ADT,NNN,EFR,EQL,PRG,THN,FAT,0.05,THN,GVB,0.3,THN,CKB,0.6
ELH,EQL,ADT,NNN,EFR,EQL,PRG,THN,GFT,0.5,ANY,MYO,EQL,true,NNN,LFH,EQL,GES
ELH,EQL,ADT,NNN,EFR,EQL,LAC,THN,GFT,0.999,ANY,MYO,EQL,true,NNN,LFH,EQL,INF
ELH,EQL,GES,THN,RFT,0.999,ANY,MOM,EQL,TRU
ELH,EQL,GES,THN,MNT,0.5,THN,FAT,0.01,THN,BSD,0.05,THN,GRW,0.05,THN,INC,0.05,THN,CKI,0.1
ELH,EQL,INF,THN,RFT,0.999,ANY,MOM,EQL,TRU
ELH,EQL,INF,THN,MOV,0.001,THN,MNT,0.5,THN,FAT,0.05,THN,BSD,0.05,THN,GRW,0.1,THN,JVC,0.05,THN,CKJ,0.1
ELH,EQL,JUV,THN,EAT,0.999,ANY,ISP,EQL,TRU
ELH,EQL,JUV,THN,MOV,0.015,THN,MNT,0.3,THN,FAT,0.05,THN,BSD,0.05,THN,GRW,0.1,THN,ADC,0.15,THN,CKA,0.9
ELH,EQL,JUV,THN,IPR,0.05,THN,ICC,0.3,THN,MTR,0.05,THN,LTS,0.001
ELH,EQL,SEN,THN,EAT,0.999,ANY,ISP,EQL,TRU
ELH,EQL,SEN,THN,MNT,-0.05,THN,MOV,0.2,THN,FAT,0.5",gestatee,false,false,false,0,0,0,0,344251,1.0005449238645014E-4,0,0.08111099999880128,1,0.03698411062005181,0.001367824438356229,0.5,0,0,8.703611553329338E-5,8.703611553329338E-5,8.703611553329338E-5,8.703611553329338E-5,8.703611553329338E-5,8.703611553329338E-5,0.001367824438356229,8.703611553329338E-5,8.703611553329338E-5,8.703611553329338E-5,Nothing named _MORTALITY_CHANCE has been defined.,0,0,0,0,0,false
anima1s,4661198,119,73.4879223068009,11.390998173955593,18.522120897185705,triangleac,"a ",0,false,1,1,up,6,7466698,6946557,822432,male,"EGO,EQL,TRU,THN,DSC,0.5,THN,DEC,0.1
EGO,EQL,TRU,THN,PDN,0.99,ANY,CRD,EQL,TRU,NNN,LFH,EQL,JUV
ELH,EQL,ADT,THN,EAT,0.999,ANY,ISP,EQL,TRU
ELH,EQL,ADT,THN,MAT,0.5,ANY,LFH,EQL,ADT,NNN,SEX,NQL,ESX
ELH,EQL,ADT,THN,FAT,0.4,THN,MNT,0.5,THN,BSD,0.005,THN,MOV,0.35
ELH,EQL,ADT,NNN,EFR,EQL,CYC,THN,FAT,0.8
ELH,EQL,ADT,NNN,EFR,EQL,PRG,THN,FAT,0.05,THN,GVB,0.3,THN,CKB,0.6
ELH,EQL,ADT,NNN,EFR,EQL,PRG,THN,GFT,0.5,ANY,MYO,EQL,true,NNN,LFH,EQL,GES
ELH,EQL,ADT,NNN,EFR,EQL,LAC,THN,FAT,0.635,THN,WEN,0.2,THN,CKW,0.8
ELH,EQL,ADT,NNN,EFR,EQL,LAC,THN,GFT,0.999,ANY,MYO,EQL,true,NNN,LFH,EQL,INF
ELH,EQL,GES,THN,RFT,0.999,ANY,MOM,EQL,TRU
ELH,EQL,GES,THN,MNT,0.5,THN,FAT,0.01,THN,BSD,0.05,THN,GRW,0.05,THN,INC,0.05,THN,CKI,0.1
ELH,EQL,INF,THN,RFT,0.999,ANY,MOM,EQL,TRU
ELH,EQL,INF,THN,MOV,0.001,THN,MNT,0.5,THN,FAT,0.05,THN,BSD,0.05,THN,GRW,0.1,THN,JVC,0.05,THN,CKJ,0.1
ELH,EQL,JUV,THN,EAT,0.999,ANY,ISP,EQL,TRU
ELH,EQL,JUV,THN,MOV,0.015,THN,MNT,0.3,THN,FAT,0.05,THN,BSD,0.05,THN,GRW,0.1,THN,ADC,0.15,THN,CKA,0.9
ELH,EQL,JUV,THN,IPR,0.05,THN,ICC,0.3,THN,MTR,0.05,THN,LTS,0.001
ELH,EQL,SEN,THN,EAT,0.999,ANY,ISP,EQL,TRU
ELH,EQL,SEN,THN,MNT,-0.05,THN,MOV,0.2,THN,FAT,0.5","EGO,EQL,TRU,THN,DSC,0.5,THN,DEC,0.1
EGO,EQL,TRU,THN,PDN,0.99,ANY,CRD,EQL,TRU,NNN,LFH,EQL,JUV
ELH,EQL,ADT,THN,EAT,0.999,ANY,ISP,EQL,TRU
ELH,EQL,ADT,THN,MAT,0.5,ANY,LFH,EQL,ADT,NNN,SEX,NQL,ESX
ELH,EQL,ADT,THN,FAT,0.4,THN,MNT,0.5,THN,BSD,0.005,THN,MOV,0.35
ELH,EQL,ADT,NNN,EFR,EQL,CYC,THN,FAT,0.8
ELH,EQL,ADT,NNN,EFR,EQL,PRG,THN,FAT,0.05,THN,GVB,0.3,THN,CKB,0.6
ELH,EQL,ADT,NNN,EFR,EQL,PRG,THN,GFT,0.5,ANY,MYO,EQL,true,NNN,LFH,EQL,GES
ELH,EQL,ADT,NNN,EFR,EQL,LAC,THN,FAT,0.635,THN,WEN,0.2,THN,CKW,0.8
ELH,EQL,ADT,NNN,EFR,EQL,LAC,THN,GFT,0.999,ANY,MYO,EQL,true,NNN,LFH,EQL,INF
ELH,EQL,GES,THN,RFT,0.999,ANY,MOM,EQL,TRU
ELH,EQL,GES,THN,MNT,0.5,THN,FAT,0.01,THN,BSD,0.05,THN,GRW,0.05,THN,INC,0.05,THN,CKI,0.1
ELH,EQL,INF,THN,RFT,0.999,ANY,MOM,EQL,TRU
ELH,EQL,INF,THN,MOV,0.001,THN,MNT,0.5,THN,FAT,0.05,THN,BSD,0.05,THN,GRW,0.1,THN,JVC,0.05,THN,CKJ,0.1
ELH,EQL,JUV,THN,EAT,0.999,ANY,ISP,EQL,TRU
ELH,EQL,JUV,THN,MOV,0.015,THN,MNT,0.3,THN,FAT,0.05,THN,BSD,0.05,THN,GRW,0.1,THN,ADC,0.15,THN,CKA,0.9
ELH,EQL,JUV,THN,IPR,0.05,THN,ICC,0.3,THN,MTR,0.05,THN,LTS,0.001
ELH,EQL,SEN,THN,EAT,0.999,ANY,ISP,EQL,TRU
ELH,EQL,SEN,THN,MNT,-0.05,THN,MOV,0.2,THN,FAT,0.5",adult,true,false,true,Nothing named _A_SIGNAL_CHANCE has been defined.,Nothing named _B_SIGNAL_CHANCE has been defined.,Nothing named _C_SIGNAL_CHANCE has been defined.,728292,344251,0.9985076398209805,0.08879272638575623,1.0945819889934282E308,1,1,6.844337372788504E-102,0.5,0,0,7.629761856690827E-271,7.559445884654547E-5,5.778888851565134E-177,1,5.778888851565134E-177,5.778888851565134E-177,1.193143119891336E-158,1.793048596947694E-152,9.752587924928989E-33,5.778888851565134E-177,Nothing named _MORTALITY_CHANCE has been defined.,7970,7979,285,0,0,false
anima1s,1902510,58.331855668446536,136.61019472550413,24.612611856677198,5.76791081018542,circleac,ac,0,false,1,1,up,6,7466698,1497308,216179,female,"EGO,EQL,TRU,THN,DSC,0.5,THN,DEC,0.1
EGO,EQL,TRU,THN,PDN,0.99,ANY,CRD,EQL,TRU,NNN,LFH,EQL,JUV
ELH,EQL,ADT,THN,EAT,0.999,ANY,ISP,EQL,TRU
ELH,EQL,ADT,THN,MAT,0.5,ANY,LFH,EQL,ADT,NNN,SEX,NQL,ESX
ELH,EQL,ADT,THN,FAT,0.4,THN,MNT,0.5,THN,BSD,0.005,THN,MOV,0.35
ELH,EQL,ADT,NNN,EFR,EQL,CYC,THN,FAT,0.8
ELH,EQL,ADT,NNN,EFR,EQL,PRG,THN,FAT,0.05,THN,GVB,0.3,THN,CKB,0.6
ELH,EQL,ADT,NNN,EFR,EQL,PRG,THN,GFT,0.5,ANY,MYO,EQL,true,NNN,LFH,EQL,GES
ELH,EQL,ADT,NNN,EFR,EQL,LAC,THN,FAT,0.635,THN,WEN,0.2,THN,CKW,0.8
ELH,EQL,ADT,NNN,EFR,EQL,LAC,THN,GFT,0.999,ANY,MYO,EQL,true,NNN,LFH,EQL,INF
ELH,EQL,GES,THN,RFT,0.999,ANY,MOM,EQL,TRU
ELH,EQL,GES,THN,MNT,0.5,THN,FAT,0.01,THN,BSD,0.05,THN,GRW,0.05,THN,INC,0.05,THN,CKI,0.1
ELH,EQL,INF,THN,RFT,0.999,ANY,MOM,EQL,TRU
ELH,EQL,INF,THN,MOV,0.001,THN,MNT,0.5,THN,FAT,0.05,THN,BSD,0.05,THN,GRW,0.1,THN,JVC,0.05,THN,CKJ,0.1
ELH,EQL,JUV,THN,EAT,0.999,ANY,ISP,EQL,TRU
ELH,EQL,JUV,THN,MOV,0.015,THN,MNT,0.3,THN,FAT,0.05,THN,BSD,0.05,THN,GRW,0.1,THN,ADC,0.15,THN,CKA,0.9
ELH,EQL,JUV,THN,IPR,0.05,THN,ICC,0.3,THN,MTR,0.05,THN,LTS,0.001
ELH,EQL,SEN,THN,EAT,0.999,ANY,ISP,EQL,TRU
ELH,EQL,SEN,THN,MNT,-0.05,THN,MOV,0.2,THN,FAT,0.5","EGO,EQL,TRU,THN,DSC,0.5,THN,DEC,0.1
EGO,EQL,TRU,THN,PDN,0.99,ANY,CRD,EQL,TRU,NNN,LFH,EQL,JUV
ELH,EQL,ADT,THN,EAT,0.999,ANY,ISP,EQL,TRU
ELH,EQL,ADT,THN,MAT,0.5,ANY,LFH,EQL,ADT,NNN,SEX,NQL,ESX
ELH,EQL,ADT,THN,FAT,0.4,THN,MNT,0.5,THN,BSD,0.005,THN,MOV,0.35
ELH,EQL,ADT,NNN,EFR,EQL,CYC,THN,FAT,0.8
ELH,EQL,ADT,NNN,EFR,EQL,PRG,THN,FAT,0.05,THN,GVB,0.3,THN,CKB,0.6
ELH,EQL,ADT,NNN,EFR,EQL,PRG,THN,GFT,0.5,ANY,MYO,EQL,true,NNN,LFH,EQL,GES
ELH,EQL,ADT,NNN,EFR,EQL,LAC,THN,FAT,0.635,THN,WEN,0.2,THN,CKW,0.8
ELH,EQL,ADT,NNN,EFR,EQL,LAC,THN,GFT,0.999,ANY,MYO,EQL,true,NNN,LFH,EQL,INF
ELH,EQL,GES,THN,RFT,0.999,ANY,MOM,EQL,TRU
ELH,EQL,GES,THN,MNT,0.5,THN,FAT,0.01,THN,BSD,0.05,THN,GRW,0.05,THN,INC,0.05,THN,CKI,0.1
ELH,EQL,INF,THN,RFT,0.999,ANY,MOM,EQL,TRU
ELH,EQL,INF,THN,MOV,0.001,THN,MNT,0.5,THN,FAT,0.05,THN,BSD,0.05,THN,GRW,0.1,THN,JVC,0.05,THN,CKJ,0.1
ELH,EQL,JUV,THN,EAT,0.999,ANY,ISP,EQL,TRU
ELH,EQL,JUV,THN,MOV,0.015,THN,MNT,0.3,THN,FAT,0.05,THN,BSD,0.05,THN,GRW,0.1,THN,ADC,0.15,THN,CKA,0.9
ELH,EQL,JUV,THN,IPR,0.05,THN,ICC,0.3,THN,MTR,0.05,THN,LTS,0.001
ELH,EQL,SEN,THN,EAT,0.999,ANY,ISP,EQL,TRU
ELH,EQL,SEN,THN,MNT,-0.05,THN,MOV,0.2,THN,FAT,0.5",adult,true,false,true,Nothing named _A_SIGNAL_CHANCE has been defined.,Nothing named _B_SIGNAL_CHANCE has been defined.,Nothing named _C_SIGNAL_CHANCE has been defined.,344251,522596,0.2698994730908564,0.08879272638575623,4.11E307,1,1,0.2222919226961371,0.5,0,0,1.37100588E-315,7.559445884654547E-5,2.2615160194530783E-5,0.9999999688247824,7.889428252768756E-13,4.844651094E-315,3.8055522683841596E-5,3.09999429918893E-5,1.640174892738878E-91,2.2615160194530783E-5,Nothing named _MORTALITY_CHANCE has been defined.,3765,3831,285,0,0,false
anima1s,1497308,109,158.41505711626723,4.936526689626912,20.41906154520907,triangleac,"a ",0,false,1,1,up,6,9544663,9157732,327773,male,"EGO,EQL,TRU,THN,DSC,0.5,THN,DEC,0.1
EGO,EQL,TRU,THN,PDN,0.99,ANY,CRD,EQL,TRU,NNN,LFH,EQL,JUV
ELH,EQL,ADT,THN,EAT,0.999,ANY,ISP,EQL,TRU
ELH,EQL,ADT,THN,MAT,0.5,ANY,LFH,EQL,ADT,NNN,SEX,NQL,ESX
ELH,EQL,ADT,THN,FAT,0.4,THN,MNT,0.5,THN,BSD,0.005,THN,MOV,0.35
ELH,EQL,ADT,NNN,EFR,EQL,CYC,THN,FAT,0.8
ELH,EQL,ADT,NNN,EFR,EQL,PRG,THN,FAT,0.05,THN,GVB,0.3,THN,CKB,0.6
ELH,EQL,ADT,NNN,EFR,EQL,PRG,THN,GFT,0.5,ANY,MYO,EQL,true,NNN,LFH,EQL,GES
ELH,EQL,ADT,NNN,EFR,EQL,LAC,THN,FAT,0.635,THN,WEN,0.2,THN,CKW,0.8
ELH,EQL,ADT,NNN,EFR,EQL,LAC,THN,GFT,0.999,ANY,MYO,EQL,true,NNN,LFH,EQL,INF
ELH,EQL,GES,THN,RFT,0.999,ANY,MOM,EQL,TRU
ELH,EQL,GES,THN,MNT,0.5,THN,FAT,0.01,THN,BSD,0.05,THN,GRW,0.05,THN,INC,0.05,THN,CKI,0.1
ELH,EQL,INF,THN,RFT,0.999,ANY,MOM,EQL,TRU
ELH,EQL,INF,THN,MOV,0.001,THN,MNT,0.5,THN,FAT,0.05,THN,BSD,0.05,THN,GRW,0.1,THN,JVC,0.05,THN,CKJ,0.1
ELH,EQL,JUV,THN,EAT,0.999,ANY,ISP,EQL,TRU
ELH,EQL,JUV,THN,MOV,0.015,THN,MNT,0.3,THN,FAT,0.05,THN,BSD,0.05,THN,GRW,0.1,THN,ADC,0.15,THN,CKA,0.9
ELH,EQL,JUV,THN,IPR,0.05,THN,ICC,0.3,THN,MTR,0.05,THN,LTS,0.001
ELH,EQL,SEN,THN,EAT,0.999,ANY,ISP,EQL,TRU
ELH,EQL,SEN,THN,MNT,-0.05,THN,MOV,0.2,THN,FAT,0.5","EGO,EQL,TRU,THN,DSC,0.5,THN,DEC,0.1
EGO,EQL,TRU,THN,PDN,0.99,ANY,CRD,EQL,TRU,NNN,LFH,EQL,JUV
ELH,EQL,ADT,THN,EAT,0.999,ANY,ISP,EQL,TRU
ELH,EQL,ADT,THN,MAT,0.5,ANY,LFH,EQL,ADT,NNN,SEX,NQL,ESX
ELH,EQL,ADT,THN,FAT,0.4,THN,MNT,0.5,THN,BSD,0.005,THN,MOV,0.35
ELH,EQL,ADT,NNN,EFR,EQL,CYC,THN,FAT,0.8
ELH,EQL,ADT,NNN,EFR,EQL,PRG,THN,FAT,0.05,THN,GVB,0.3,THN,CKB,0.6
ELH,EQL,ADT,NNN,EFR,EQL,PRG,THN,GFT,0.5,ANY,MYO,EQL,true,NNN,LFH,EQL,GES
ELH,EQL,ADT,NNN,EFR,EQL,LAC,THN,FAT,0.635,THN,WEN,0.2,THN,CKW,0.8
ELH,EQL,ADT,NNN,EFR,EQL,LAC,THN,GFT,0.999,ANY,MYO,EQL,true,NNN,LFH,EQL,INF
ELH,EQL,GES,THN,RFT,0.999,ANY,MOM,EQL,TRU
ELH,EQL,GES,THN,MNT,0.5,THN,FAT,0.01,THN,BSD,0.05,THN,GRW,0.05,THN,INC,0.05,THN,CKI,0.1
ELH,EQL,INF,THN,RFT,0.999,ANY,MOM,EQL,TRU
ELH,EQL,INF,THN,MOV,0.001,THN,MNT,0.5,THN,FAT,0.05,THN,BSD,0.05,THN,GRW,0.1,THN,JVC,0.05,THN,CKJ,0.1
ELH,EQL,JUV,THN,EAT,0.999,ANY,ISP,EQL,TRU
ELH,EQL,JUV,THN,MOV,0.015,THN,MNT,0.3,THN,FAT,0.05,THN,BSD,0.05,THN,GRW,0.1,THN,ADC,0.15,THN,CKA,0.9
ELH,EQL,JUV,THN,IPR,0.05,THN,ICC,0.3,THN,MTR,0.05,THN,LTS,0.001
ELH,EQL,SEN,THN,EAT,0.999,ANY,ISP,EQL,TRU
ELH,EQL,SEN,THN,MNT,-0.05,THN,MOV,0.2,THN,FAT,0.5",adult,true,false,true,Nothing named _A_SIGNAL_CHANCE has been defined.,Nothing named _B_SIGNAL_CHANCE has been defined.,Nothing named _C_SIGNAL_CHANCE has been defined.,999383,504509,0.1018596719242838,0.17758545277151247,9.25E306,1,1,1.9188211447909707E-72,0.5,0,0,1.120612186855E-312,7.559445884654547E-5,5.666158938713463E-5,1,5.666158938713463E-5,5.666158938713463E-5,6.1619416573857245E-6,5.666158938713463E-5,9.062740235142127E-13,9.118008652746638E-5,Nothing named _MORTALITY_CHANCE has been defined.,597,615,285,0,0,false
anima1s,3537564,58.99686570717276,106.1185545616612,3.3415892913409913,23.71098650820747,circle,"g ",0,true,0.04720052490555474,1,up,8,3078350,1497308,522596,female,"EGO,EQL,TRU,THN,DSC,0.5,THN,DEC,0.1
EGO,EQL,TRU,THN,PDN,0.99,ANY,CRD,EQL,TRU,NNN,LFH,EQL,JUV
ELH,EQL,ADT,THN,EAT,0.999,ANY,ISP,EQL,TRU
ELH,EQL,ADT,THN,MAT,0.5,ANY,LFH,EQL,ADT,NNN,SEX,NQL,ESX
ELH,EQL,ADT,THN,FAT,0.4,THN,MNT,0.5,THN,BSD,0.005,THN,MOV,0.35
ELH,EQL,ADT,NNN,EFR,EQL,CYC,THN,FAT,0.8
ELH,EQL,ADT,NNN,EFR,EQL,PRG,THN,FAT,0.05,THN,GVB,0.3,THN,CKB,0.6
ELH,EQL,ADT,NNN,EFR,EQL,PRG,THN,GFT,0.5,ANY,MYO,EQL,true,NNN,LFH,EQL,GES
ELH,EQL,ADT,NNN,EFR,EQL,LAC,THN,FAT,0.635,THN,WEN,0.2,THN,CKW,0.8
ELH,EQL,ADT,NNN,EFR,EQL,LAC,THN,GFT,0.999,ANY,MYO,EQL,true,NNN,LFH,EQL,INF
ELH,EQL,GES,THN,RFT,0.999,ANY,MOM,EQL,TRU
ELH,EQL,GES,THN,MNT,0.5,THN,FAT,0.01,THN,BSD,0.05,THN,GRW,0.05,THN,INC,0.05,THN,CKI,0.1
ELH,EQL,INF,THN,RFT,0.999,ANY,MOM,EQL,TRU
ELH,EQL,INF,THN,MOV,0.001,THN,MNT,0.5,THN,FAT,0.05,THN,BSD,0.05,THN,GRW,0.1,THN,JVC,0.05,THN,CKJ,0.1
ELH,EQL,JUV,THN,EAT,0.999,ANY,ISP,EQL,TRU
ELH,EQL,JUV,THN,EAT,0.999,ANY,ISP,EQL,TRU
ELH,EQL,JUV,THN,MOV,0.015,THN,MNT,0.3,THN,FAT,0.05,THN,BSD,0.05,THN,GRW,0.1,THN,ADC,0.15,THN,CKA,0.9
ELH,EQL,JUV,THN,IPR,0.05,THN,ICC,0.3,THN,MTR,0.05,THN,LTS,0.001
ELH,EQL,SEN,THN,EAT,0.999,ANY,ISP,EQL,TRU
ELH,EQL,SEN,THN,MNT,-0.05,THN,MOV,0.2,THN,FAT,0.5","EGO,EQL,TRU,THN,DSC,0.5,THN,DEC,0.1
EGO,EQL,TRU,THN,PDN,0.99,ANY,CRD,EQL,TRU,NNN,LFH,EQL,JUV
ELH,EQL,ADT,THN,EAT,0.999,ANY,ISP,EQL,TRU
ELH,EQL,ADT,THN,MAT,0.5,ANY,LFH,EQL,ADT,NNN,SEX,NQL,ESX
ELH,EQL,ADT,THN,FAT,0.4,THN,MNT,0.5,THN,BSD,0.005,THN,MOV,0.35
ELH,EQL,ADT,NNN,EFR,EQL,CYC,THN,FAT,0.8
ELH,EQL,ADT,NNN,EFR,EQL,PRG,THN,FAT,0.05,THN,GVB,0.3,THN,CKB,0.6
ELH,EQL,ADT,NNN,EFR,EQL,PRG,THN,GFT,0.5,ANY,MYO,EQL,true,NNN,LFH,EQL,GES
ELH,EQL,ADT,NNN,EFR,EQL,LAC,THN,FAT,0.635,THN,WEN,0.2,THN,CKW,0.8
ELH,EQL,ADT,NNN,EFR,EQL,LAC,THN,GFT,0.999,ANY,MYO,EQL,true,NNN,LFH,EQL,INF
ELH,EQL,GES,THN,RFT,0.999,ANY,MOM,EQL,TRU
ELH,EQL,GES,THN,MNT,0.5,THN,FAT,0.01,THN,BSD,0.05,THN,GRW,0.05,THN,INC,0.05,THN,CKI,0.1
ELH,EQL,INF,THN,RFT,0.999,ANY,MOM,EQL,TRU
ELH,EQL,INF,THN,MOV,0.001,THN,MNT,0.5,THN,FAT,0.05,THN,BSD,0.05,THN,GRW,0.1,THN,JVC,0.05,THN,CKJ,0.1
ELH,EQL,JUV,THN,EAT,0.999,ANY,ISP,EQL,TRU
ELH,EQL,JUV,THN,MOV,0.015,THN,MNT,0.3,THN,FAT,0.05,THN,BSD,0.05,THN,GRW,0.1,THN,ADC,0.15,THN,CKA,0.9
ELH,EQL,JUV,THN,IPR,0.05,THN,ICC,0.3,THN,MTR,0.05,THN,LTS,0.001
ELH,EQL,SEN,THN,EAT,0.999,ANY,ISP,EQL,TRU
ELH,EQL,SEN,THN,MNT,-0.05,THN,MOV,0.2,THN,FAT,0.5",gestatee,false,false,false,0,0,0,0,522596,1.6803873039838123E-4,0,0.08212982865446786,1,0.03759508349648773,0.0014133903031078839,0.5,0,0,9.118008652746638E-5,9.118008652746638E-5,9.118008652746638E-5,9.118008652746638E-5,9.118008652746638E-5,9.118008652746638E-5,0.0014133903031078839,9.118008652746638E-5,9.118008652746638E-5,9.118008652746638E-5,Nothing named _MORTALITY_CHANCE has been defined.,0,0,0,0,0,false
anima1s,4837443,128.9968456260924,338.3083183244196,9.596564695184895,16.941295653750117,triangle,"g ",0,true,0.04736324106453292,1,up,7,1402495,4661198,125045,male,"EGO,EQL,TRU,THN,DSC,0.5,THN,DEC,0.1
EGO,EQL,TRU,THN,PDN,0.99,ANY,CRD,EQL,TRU,NNN,LFH,EQL,JUV
ELH,EQL,ADT,THN,EAT,0.999,ANY,ISP,EQL,TRU
ELH,EQL,ADT,THN,MAT,0.5,ANY,LFH,EQL,ADT,NNN,SEX,NQL,ESX
ELH,EQL,ADT,NNN,EFR,EQL,CYC,THN,FAT,0.8
ELH,EQL,ADT,NNN,EFR,EQL,LAC,THN,FAT,0.635,THN,WEN,0.2,THN,CKW,0.8
ELH,EQL,GES,THN,RFT,0.999,ANY,MOM,EQL,TRU
ELH,EQL,GES,THN,MNT,0.5,THN,FAT,0.01,THN,BSD,0.05,THN,GRW,0.05,THN,INC,0.05,THN,CKI,0.1
ELH,EQL,INF,THN,RFT,0.999,ANY,MOM,EQL,TRU
ELH,EQL,INF,THN,MOV,0.001,THN,MNT,0.5,THN,FAT,0.05,THN,BSD,0.05,THN,GRW,0.1,THN,JVC,0.05,THN,CKJ,0.1
ELH,EQL,JUV,THN,EAT,0.999,ANY,ISP,EQL,TRU
ELH,EQL,JUV,THN,EAT,0.999,ANY,ISP,EQL,TRU
ELH,EQL,JUV,THN,IPR,0.05,THN,ICC,0.3,THN,MTR,0.05,THN,LTS,0.001
ELH,EQL,SEN,THN,EAT,0.999,ANY,ISP,EQL,TRU
ELH,EQL,SEN,THN,EAT,0.999,ANY,ISP,EQL,TRU
ELH,EQL,SEN,THN,MNT,-0.05,THN,MOV,0.2,THN,FAT,0.5","EGO,EQL,TRU,THN,DSC,0.5,THN,DEC,0.1
EGO,EQL,TRU,THN,PDN,0.99,ANY,CRD,EQL,TRU,NNN,LFH,EQL,JUV
EGO,EQL,TRU,THN,PDN,0.99,ANY,CRD,EQL,TRU,NNN,LFH,EQL,JUV
ELH,EQL,ADT,THN,EAT,0.999,ANY,ISP,EQL,TRU
ELH,EQL,ADT,THN,MAT,0.5,ANY,LFH,EQL,ADT,NNN,SEX,NQL,ESX
ELH,EQL,ADT,THN,FAT,0.4,THN,MNT,0.5,THN,BSD,0.005,THN,MOV,0.35
ELH,EQL,ADT,NNN,EFR,EQL,CYC,THN,FAT,0.8
ELH,EQL,ADT,NNN,EFR,EQL,PRG,THN,FAT,0.05,THN,GVB,0.3,THN,CKB,0.6
ELH,EQL,ADT,NNN,EFR,EQL,PRG,THN,GFT,0.5,ANY,MYO,EQL,true,NNN,LFH,EQL,GES
ELH,EQL,ADT,NNN,EFR,EQL,LAC,THN,FAT,0.635,THN,WEN,0.2,THN,CKW,0.8
ELH,EQL,ADT,NNN,EFR,EQL,LAC,THN,GFT,0.999,ANY,MYO,EQL,true,NNN,LFH,EQL,INF
ELH,EQL,GES,THN,RFT,0.999,ANY,MOM,EQL,TRU
ELH,EQL,INF,THN,RFT,0.999,ANY,MOM,EQL,TRU
ELH,EQL,INF,THN,MOV,0.001,THN,MNT,0.5,THN,FAT,0.05,THN,BSD,0.05,THN,GRW,0.1,THN,JVC,0.05,THN,CKJ,0.1
ELH,EQL,JUV,THN,EAT,0.999,ANY,ISP,EQL,TRU
ELH,EQL,JUV,THN,IPR,0.05,THN,ICC,0.3,THN,MTR,0.05,THN,LTS,0.001
ELH,EQL,SEN,THN,EAT,0.999,ANY,ISP,EQL,TRU",gestatee,false,false,false,0,0,0,0,125045,1.0005449238645014E-4,0,0.08111099999880128,1,0.03698411062005181,0.001367824438356229,0.5,0,0,8.703611553329338E-5,8.703611553329338E-5,8.703611553329338E-5,8.703611553329338E-5,8.703611553329338E-5,8.703611553329338E-5,0.001367824438356229,8.703611553329338E-5,8.703611553329338E-5,8.703611553329338E-5,Nothing named _MORTALITY_CHANCE has been defined.,0,0,0,0,0,false
anima1s,4400512,29,63.87265276675129,5.676086984822389,13.749193592967726,triangleac,"a ",0,false,1,1,up,7,1902510,7582864,793305,male,"EGO,EQL,TRU,THN,DSC,0.5,THN,DEC,0.1
EGO,EQL,TRU,THN,PDN,0.99,ANY,CRD,EQL,TRU,NNN,LFH,EQL,JUV
ELH,EQL,ADT,THN,EAT,0.999,ANY,ISP,EQL,TRU
ELH,EQL,ADT,THN,MAT,0.5,ANY,LFH,EQL,ADT,NNN,SEX,NQL,ESX
ELH,EQL,ADT,THN,FAT,0.4,THN,MNT,0.5,THN,BSD,0.005,THN,MOV,0.35
ELH,EQL,ADT,NNN,EFR,EQL,CYC,THN,FAT,0.8
ELH,EQL,ADT,NNN,EFR,EQL,PRG,THN,FAT,0.05,THN,GVB,0.3,THN,CKB,0.6
ELH,EQL,ADT,NNN,EFR,EQL,PRG,THN,GFT,0.5,ANY,MYO,EQL,true,NNN,LFH,EQL,GES
ELH,EQL,ADT,NNN,EFR,EQL,LAC,THN,FAT,0.635,THN,WEN,0.2,THN,CKW,0.8
ELH,EQL,ADT,NNN,EFR,EQL,LAC,THN,GFT,0.999,ANY,MYO,EQL,true,NNN,LFH,EQL,INF
ELH,EQL,GES,THN,RFT,0.999,ANY,MOM,EQL,TRU
ELH,EQL,GES,THN,MNT,0.5,THN,FAT,0.01,THN,BSD,0.05,THN,GRW,0.05,THN,INC,0.05,THN,CKI,0.1
ELH,EQL,INF,THN,RFT,0.999,ANY,MOM,EQL,TRU
ELH,EQL,INF,THN,MOV,0.001,THN,MNT,0.5,THN,FAT,0.05,THN,BSD,0.05,THN,GRW,0.1,THN,JVC,0.05,THN,CKJ,0.1
ELH,EQL,JUV,THN,EAT,0.999,ANY,ISP,EQL,TRU
ELH,EQL,JUV,THN,MOV,0.015,THN,MNT,0.3,THN,FAT,0.05,THN,BSD,0.05,THN,GRW,0.1,THN,ADC,0.15,THN,CKA,0.9
ELH,EQL,JUV,THN,IPR,0.05,THN,ICC,0.3,THN,MTR,0.05,THN,LTS,0.001
ELH,EQL,SEN,THN,EAT,0.999,ANY,ISP,EQL,TRU
ELH,EQL,SEN,THN,MNT,-0.05,THN,MOV,0.2,THN,FAT,0.5","EGO,EQL,TRU,THN,DSC,0.5,THN,DEC,0.1
EGO,EQL,TRU,THN,PDN,0.99,ANY,CRD,EQL,TRU,NNN,LFH,EQL,JUV
ELH,EQL,ADT,THN,EAT,0.999,ANY,ISP,EQL,TRU
ELH,EQL,ADT,THN,MAT,0.5,ANY,LFH,EQL,ADT,NNN,SEX,NQL,ESX
ELH,EQL,ADT,THN,FAT,0.4,THN,MNT,0.5,THN,BSD,0.005,THN,MOV,0.35
ELH,EQL,ADT,NNN,EFR,EQL,CYC,THN,FAT,0.8
ELH,EQL,ADT,NNN,EFR,EQL,PRG,THN,FAT,0.05,THN,GVB,0.3,THN,CKB,0.6
ELH,EQL,ADT,NNN,EFR,EQL,PRG,THN,GFT,0.5,ANY,MYO,EQL,true,NNN,LFH,EQL,GES
ELH,EQL,ADT,NNN,EFR,EQL,LAC,THN,FAT,0.635,THN,WEN,0.2,THN,CKW,0.8
ELH,EQL,ADT,NNN,EFR,EQL,LAC,THN,GFT,0.999,ANY,MYO,EQL,true,NNN,LFH,EQL,INF
ELH,EQL,GES,THN,RFT,0.999,ANY,MOM,EQL,TRU
ELH,EQL,GES,THN,MNT,0.5,THN,FAT,0.01,THN,BSD,0.05,THN,GRW,0.05,THN,INC,0.05,THN,CKI,0.1
ELH,EQL,INF,THN,RFT,0.999,ANY,MOM,EQL,TRU
ELH,EQL,INF,THN,MOV,0.001,THN,MNT,0.5,THN,FAT,0.05,THN,BSD,0.05,THN,GRW,0.1,THN,JVC,0.05,THN,CKJ,0.1
ELH,EQL,JUV,THN,EAT,0.999,ANY,ISP,EQL,TRU
ELH,EQL,JUV,THN,MOV,0.015,THN,MNT,0.3,THN,FAT,0.05,THN,BSD,0.05,THN,GRW,0.1,THN,ADC,0.15,THN,CKA,0.9
ELH,EQL,JUV,THN,IPR,0.05,THN,ICC,0.3,THN,MTR,0.05,THN,LTS,0.001
ELH,EQL,SEN,THN,EAT,0.999,ANY,ISP,EQL,TRU
ELH,EQL,SEN,THN,MNT,-0.05,THN,MOV,0.2,THN,FAT,0.5",adult,true,false,true,Nothing named _A_SIGNAL_CHANCE has been defined.,Nothing named _B_SIGNAL_CHANCE has been defined.,Nothing named _C_SIGNAL_CHANCE has been defined.,0,793305,1.0888790084839564,0.1694782384616922,2.09E307,0.9922404632158404,1,1.8755530385605126E-31,0.5,0,0,8.703611553329338E-5,7.559445884654547E-5,4.652441423927666E-33,0.9997965143073981,4.652441423927666E-33,4.652441423927666E-33,1.7427670682802872E-31,4.652441423927666E-33,5.876756284294462E-21,4.652441423927666E-33,Nothing named _MORTALITY_CHANCE has been defined.,5136,5182,285,0,199,false
anima1s,6583011,78.99999733102192,4.215485220900007,21.62718134918487,15.771922642344336,circleac,ac,0,false,1,1,up,6,7466698,7246969,495072,female,"EGO,EQL,TRU,THN,DSC,0.5,THN,DEC,0.1
EGO,EQL,TRU,THN,PDN,0.99,ANY,CRD,EQL,TRU,NNN,LFH,EQL,JUV
ELH,EQL,ADT,THN,EAT,0.999,ANY,ISP,EQL,TRU
ELH,EQL,ADT,THN,MAT,0.5,ANY,LFH,EQL,ADT,NNN,SEX,NQL,ESX
ELH,EQL,ADT,THN,FAT,0.4,THN,MNT,0.5,THN,BSD,0.005,THN,MOV,0.35
ELH,EQL,ADT,NNN,EFR,EQL,CYC,THN,FAT,0.8
ELH,EQL,ADT,NNN,EFR,EQL,PRG,THN,FAT,0.05,THN,GVB,0.3,THN,CKB,0.6
ELH,EQL,ADT,NNN,EFR,EQL,PRG,THN,GFT,0.5,ANY,MYO,EQL,true,NNN,LFH,EQL,GES
ELH,EQL,ADT,NNN,EFR,EQL,LAC,THN,FAT,0.635,THN,WEN,0.2,THN,CKW,0.8
ELH,EQL,ADT,NNN,EFR,EQL,LAC,THN,GFT,0.999,ANY,MYO,EQL,true,NNN,LFH,EQL,INF
ELH,EQL,GES,THN,RFT,0.999,ANY,MOM,EQL,TRU
ELH,EQL,GES,THN,MNT,0.5,THN,FAT,0.01,THN,BSD,0.05,THN,GRW,0.05,THN,INC,0.05,THN,CKI,0.1
ELH,EQL,INF,THN,RFT,0.999,ANY,MOM,EQL,TRU
ELH,EQL,INF,THN,MOV,0.001,THN,MNT,0.5,THN,FAT,0.05,THN,BSD,0.05,THN,GRW,0.1,THN,JVC,0.05,THN,CKJ,0.1
ELH,EQL,JUV,THN,EAT,0.999,ANY,ISP,EQL,TRU
ELH,EQL,JUV,THN,MOV,0.015,THN,MNT,0.3,THN,FAT,0.05,THN,BSD,0.05,THN,GRW,0.1,THN,ADC,0.15,THN,CKA,0.9
ELH,EQL,JUV,THN,IPR,0.05,THN,ICC,0.3,THN,MTR,0.05,THN,LTS,0.001
ELH,EQL,SEN,THN,EAT,0.999,ANY,ISP,EQL,TRU
ELH,EQL,SEN,THN,MNT,-0.05,THN,MOV,0.2,THN,FAT,0.5","EGO,EQL,TRU,THN,DSC,0.5,THN,DEC,0.1
EGO,EQL,TRU,THN,PDN,0.99,ANY,CRD,EQL,TRU,NNN,LFH,EQL,JUV
ELH,EQL,ADT,THN,EAT,0.999,ANY,ISP,EQL,TRU
ELH,EQL,ADT,THN,MAT,0.5,ANY,LFH,EQL,ADT,NNN,SEX,NQL,ESX
ELH,EQL,ADT,THN,FAT,0.4,THN,MNT,0.5,THN,BSD,0.005,THN,MOV,0.35
ELH,EQL,ADT,NNN,EFR,EQL,CYC,THN,FAT,0.8
ELH,EQL,ADT,NNN,EFR,EQL,PRG,THN,FAT,0.05,THN,GVB,0.3,THN,CKB,0.6
ELH,EQL,ADT,NNN,EFR,EQL,PRG,THN,GFT,0.5,ANY,MYO,EQL,true,NNN,LFH,EQL,GES
ELH,EQL,ADT,NNN,EFR,EQL,LAC,THN,FAT,0.635,THN,WEN,0.2,THN,CKW,0.8
ELH,EQL,ADT,NNN,EFR,EQL,LAC,THN,GFT,0.999,ANY,MYO,EQL,true,NNN,LFH,EQL,INF
ELH,EQL,GES,THN,RFT,0.999,ANY,MOM,EQL,TRU
ELH,EQL,GES,THN,MNT,0.5,THN,FAT,0.01,THN,BSD,0.05,THN,GRW,0.05,THN,INC,0.05,THN,CKI,0.1
ELH,EQL,INF,THN,RFT,0.999,ANY,MOM,EQL,TRU
ELH,EQL,INF,THN,MOV,0.001,THN,MNT,0.5,THN,FAT,0.05,THN,BSD,0.05,THN,GRW,0.1,THN,JVC,0.05,THN,CKJ,0.1
ELH,EQL,JUV,THN,EAT,0.999,ANY,ISP,EQL,TRU
ELH,EQL,JUV,THN,MOV,0.015,THN,MNT,0.3,THN,FAT,0.05,THN,BSD,0.05,THN,GRW,0.1,THN,ADC,0.15,THN,CKA,0.9
ELH,EQL,JUV,THN,IPR,0.05,THN,ICC,0.3,THN,MTR,0.05,THN,LTS,0.001
ELH,EQL,SEN,THN,EAT,0.999,ANY,ISP,EQL,TRU
ELH,EQL,SEN,THN,MNT,-0.05,THN,MOV,0.2,THN,FAT,0.5",adult,true,false,true,Nothing named _A_SIGNAL_CHANCE has been defined.,Nothing named _B_SIGNAL_CHANCE has been defined.,Nothing named _C_SIGNAL_CHANCE has been defined.,862019,351480,0.20110881098384806,0.1775854527715125,5.75E306,1,1,1.1664954090080313E-6,0.5,0,0,9.549925860214369E-5,7.559445884654547E-5,1.3669518162957835E-76,1,1.3669518162957835E-76,7.636730328107086E-39,1.9522414675256698E-48,3.263525299192755E-76,3.314978691591506E-10,1.3669518162957835E-76,Nothing named _MORTALITY_CHANCE has been defined.,2754,2884,285,0,0,false
anima1s,8390368,89,260.14252453379027,4.036221764566161,15.379757555249974,triangleac,"a ",0,false,1,1,up,7,5270059,1497308,128103,male,"EGO,EQL,TRU,THN,DSC,0.5,THN,DEC,0.1
EGO,EQL,TRU,THN,PDN,0.99,ANY,CRD,EQL,TRU,NNN,LFH,EQL,JUV
ELH,EQL,ADT,THN,EAT,0.999,ANY,ISP,EQL,TRU
ELH,EQL,ADT,THN,MAT,0.5,ANY,LFH,EQL,ADT,NNN,SEX,NQL,ESX
ELH,EQL,ADT,THN,FAT,0.4,THN,MNT,0.5,THN,BSD,0.005,THN,MOV,0.35
ELH,EQL,ADT,NNN,EFR,EQL,CYC,THN,FAT,0.8
ELH,EQL,ADT,NNN,EFR,EQL,PRG,THN,FAT,0.05,THN,GVB,0.3,THN,CKB,0.6
ELH,EQL,ADT,NNN,EFR,EQL,PRG,THN,GFT,0.5,ANY,MYO,EQL,true,NNN,LFH,EQL,GES
ELH,EQL,ADT,NNN,EFR,EQL,LAC,THN,FAT,0.635,THN,WEN,0.2,THN,CKW,0.8
ELH,EQL,ADT,NNN,EFR,EQL,LAC,THN,GFT,0.999,ANY,MYO,EQL,true,NNN,LFH,EQL,INF
ELH,EQL,GES,THN,RFT,0.999,ANY,MOM,EQL,TRU
ELH,EQL,GES,THN,MNT,0.5,THN,FAT,0.01,THN,BSD,0.05,THN,GRW,0.05,THN,INC,0.05,THN,CKI,0.1
ELH,EQL,INF,THN,RFT,0.999,ANY,MOM,EQL,TRU
ELH,EQL,INF,THN,MOV,0.001,THN,MNT,0.5,THN,FAT,0.05,THN,BSD,0.05,THN,GRW,0.1,THN,JVC,0.05,THN,CKJ,0.1
ELH,EQL,JUV,THN,EAT,0.999,ANY,ISP,EQL,TRU
ELH,EQL,JUV,THN,MOV,0.015,THN,MNT,0.3,THN,FAT,0.05,THN,BSD,0.05,THN,GRW,0.1,THN,ADC,0.15,THN,CKA,0.9
ELH,EQL,JUV,THN,IPR,0.05,THN,ICC,0.3,THN,MTR,0.05,THN,LTS,0.001
ELH,EQL,SEN,THN,EAT,0.999,ANY,ISP,EQL,TRU
ELH,EQL,SEN,THN,MNT,-0.05,THN,MOV,0.2,THN,FAT,0.5","EGO,EQL,TRU,THN,DSC,0.5,THN,DEC,0.1
EGO,EQL,TRU,THN,PDN,0.99,ANY,CRD,EQL,TRU,NNN,LFH,EQL,JUV
ELH,EQL,ADT,THN,EAT,0.999,ANY,ISP,EQL,TRU
ELH,EQL,ADT,THN,MAT,0.5,ANY,LFH,EQL,ADT,NNN,SEX,NQL,ESX
ELH,EQL,ADT,THN,FAT,0.4,THN,MNT,0.5,THN,BSD,0.005,THN,MOV,0.35
ELH,EQL,ADT,NNN,EFR,EQL,CYC,THN,FAT,0.8
ELH,EQL,ADT,NNN,EFR,EQL,PRG,THN,FAT,0.05,THN,GVB,0.3,THN,CKB,0.6
ELH,EQL,ADT,NNN,EFR,EQL,PRG,THN,GFT,0.5,ANY,MYO,EQL,true,NNN,LFH,EQL,GES
ELH,EQL,ADT,NNN,EFR,EQL,LAC,THN,FAT,0.635,THN,WEN,0.2,THN,CKW,0.8
ELH,EQL,ADT,NNN,EFR,EQL,LAC,THN,GFT,0.999,ANY,MYO,EQL,true,NNN,LFH,EQL,INF
ELH,EQL,GES,THN,RFT,0.999,ANY,MOM,EQL,TRU
ELH,EQL,GES,THN,MNT,0.5,THN,FAT,0.01,THN,BSD,0.05,THN,GRW,0.05,THN,INC,0.05,THN,CKI,0.1
ELH,EQL,INF,THN,RFT,0.999,ANY,MOM,EQL,TRU
ELH,EQL,INF,THN,MOV,0.001,THN,MNT,0.5,THN,FAT,0.05,THN,BSD,0.05,THN,GRW,0.1,THN,JVC,0.05,THN,CKJ,0.1
ELH,EQL,JUV,THN,EAT,0.999,ANY,ISP,EQL,TRU
ELH,EQL,JUV,THN,MOV,0.015,THN,MNT,0.3,THN,FAT,0.05,THN,BSD,0.05,THN,GRW,0.1,THN,ADC,0.15,THN,CKA,0.9
ELH,EQL,JUV,THN,IPR,0.05,THN,ICC,0.3,THN,MTR,0.05,THN,LTS,0.001
ELH,EQL,SEN,THN,EAT,0.999,ANY,ISP,EQL,TRU
ELH,EQL,SEN,THN,MNT,-0.05,THN,MOV,0.2,THN,FAT,0.5",adult,true,false,true,Nothing named _A_SIGNAL_CHANCE has been defined.,Nothing named _B_SIGNAL_CHANCE has been defined.,Nothing named _C_SIGNAL_CHANCE has been defined.,0,128103,0.025936079092620155,0.08879272638575623,4.42E307,1,1,7.547549190611549E-51,0.5,0,0,1.3607596122297536E-307,7.209122615581643E-5,2.9539849975641954E-84,1,5.741252458015969E-85,5.741252458015969E-85,4.3047936694465034E-75,2.9271315151424944E-59,2.131463451721655E-6,5.741252458015969E-85,Nothing named _MORTALITY_CHANCE has been defined.,3536,5310,285,0,0,false
anima1s,5490545,9,226.20500539938712,3.01579351399248,22.829642335759253,circleac,ac,0,false,1,1,up,6,9544663,4661198,197880,female,"EGO,EQL,TRU,THN,DSC,0.5,THN,DEC,0.1
EGO,EQL,TRU,THN,PDN,0.99,ANY,CRD,EQL,TRU,NNN,LFH,EQL,JUV
ELH,EQL,ADT,THN,EAT,0.999,ANY,ISP,EQL,TRU
ELH,EQL,ADT,THN,MAT,0.5,ANY,LFH,EQL,ADT,NNN,SEX,NQL,ESX
ELH,EQL,ADT,THN,FAT,0.4,THN,MNT,0.5,THN,BSD,0.005,THN,MOV,0.35
ELH,EQL,ADT,NNN,EFR,EQL,CYC,THN,FAT,0.8
ELH,EQL,ADT,NNN,EFR,EQL,PRG,THN,FAT,0.05,THN,GVB,0.3,THN,CKB,0.6
ELH,EQL,ADT,NNN,EFR,EQL,PRG,THN,GFT,0.5,ANY,MYO,EQL,true,NNN,LFH,EQL,GES
ELH,EQL,ADT,NNN,EFR,EQL,LAC,THN,FAT,0.635,THN,WEN,0.2,THN,CKW,0.8
ELH,EQL,ADT,NNN,EFR,EQL,LAC,THN,GFT,0.999,ANY,MYO,EQL,true,NNN,LFH,EQL,INF
ELH,EQL,GES,THN,RFT,0.999,ANY,MOM,EQL,TRU
ELH,EQL,GES,THN,MNT,0.5,THN,FAT,0.01,THN,BSD,0.05,THN,GRW,0.05,THN,INC,0.05,THN,CKI,0.1
ELH,EQL,INF,THN,RFT,0.999,ANY,MOM,EQL,TRU
ELH,EQL,INF,THN,MOV,0.001,THN,MNT,0.5,THN,FAT,0.05,THN,BSD,0.05,THN,GRW,0.1,THN,JVC,0.05,THN,CKJ,0.1
ELH,EQL,JUV,THN,EAT,0.999,ANY,ISP,EQL,TRU
ELH,EQL,JUV,THN,MOV,0.015,THN,MNT,0.3,THN,FAT,0.05,THN,BSD,0.05,THN,GRW,0.1,THN,ADC,0.15,THN,CKA,0.9
ELH,EQL,JUV,THN,IPR,0.05,THN,ICC,0.3,THN,MTR,0.05,THN,LTS,0.001
ELH,EQL,SEN,THN,EAT,0.999,ANY,ISP,EQL,TRU
ELH,EQL,SEN,THN,MNT,-0.05,THN,MOV,0.2,THN,FAT,0.5","EGO,EQL,TRU,THN,DSC,0.5,THN,DEC,0.1
EGO,EQL,TRU,THN,PDN,0.99,ANY,CRD,EQL,TRU,NNN,LFH,EQL,JUV
ELH,EQL,ADT,THN,EAT,0.999,ANY,ISP,EQL,TRU
ELH,EQL,ADT,THN,MAT,0.5,ANY,LFH,EQL,ADT,NNN,SEX,NQL,ESX
ELH,EQL,ADT,THN,FAT,0.4,THN,MNT,0.5,THN,BSD,0.005,THN,MOV,0.35
ELH,EQL,ADT,NNN,EFR,EQL,CYC,THN,FAT,0.8
ELH,EQL,ADT,NNN,EFR,EQL,PRG,THN,FAT,0.05,THN,GVB,0.3,THN,CKB,0.6
ELH,EQL,ADT,NNN,EFR,EQL,PRG,THN,GFT,0.5,ANY,MYO,EQL,true,NNN,LFH,EQL,GES
ELH,EQL,ADT,NNN,EFR,EQL,LAC,THN,FAT,0.635,THN,WEN,0.2,THN,CKW,0.8
ELH,EQL,ADT,NNN,EFR,EQL,LAC,THN,GFT,0.999,ANY,MYO,EQL,true,NNN,LFH,EQL,INF
ELH,EQL,GES,THN,RFT,0.999,ANY,MOM,EQL,TRU
ELH,EQL,GES,THN,MNT,0.5,THN,FAT,0.01,THN,BSD,0.05,THN,GRW,0.05,THN,INC,0.05,THN,CKI,0.1
ELH,EQL,INF,THN,RFT,0.999,ANY,MOM,EQL,TRU
ELH,EQL,INF,THN,MOV,0.001,THN,MNT,0.5,THN,FAT,0.05,THN,BSD,0.05,THN,GRW,0.1,THN,JVC,0.05,THN,CKJ,0.1
ELH,EQL,JUV,THN,EAT,0.999,ANY,ISP,EQL,TRU
ELH,EQL,JUV,THN,MOV,0.015,THN,MNT,0.3,THN,FAT,0.05,THN,BSD,0.05,THN,GRW,0.1,THN,ADC,0.15,THN,CKA,0.9
ELH,EQL,JUV,THN,IPR,0.05,THN,ICC,0.3,THN,MTR,0.05,THN,LTS,0.001
ELH,EQL,SEN,THN,EAT,0.999,ANY,ISP,EQL,TRU
ELH,EQL,SEN,THN,MNT,-0.05,THN,MOV,0.2,THN,FAT,0.5",adult,true,false,true,Nothing named _A_SIGNAL_CHANCE has been defined.,Nothing named _B_SIGNAL_CHANCE has been defined.,Nothing named _C_SIGNAL_CHANCE has been defined.,0,197880,1.3691932954917885E-4,0.17758545277151247,4.41E307,1,1,4.9316956616251285E-36,0.5,0,0,7.559445884654547E-5,7.559445884654547E-5,1.2993158481681913E-39,1,1.5017588584031594E-39,1.2993158481681913E-39,1.0143687151589601E-37,1.2993158481681913E-39,5.723398241884823E-59,2.0415517714663206E-39,Nothing named _MORTALITY_CHANCE has been defined.,4219,4285,285,0,0,false
anima1s,9982531,119,225.86512601859783,2.735831171784059,14.40257584067128,circleac,ap,0,false,1,1,up,7,1902510,4661198,344251,female,"EGO,EQL,TRU,THN,DSC,0.5,THN,DEC,0.1
EGO,EQL,TRU,THN,PDN,0.99,ANY,CRD,EQL,TRU,NNN,LFH,EQL,JUV
ELH,EQL,ADT,THN,EAT,0.999,ANY,ISP,EQL,TRU
ELH,EQL,ADT,THN,MAT,0.5,ANY,LFH,EQL,ADT,NNN,SEX,NQL,ESX
ELH,EQL,ADT,THN,FAT,0.4,THN,MNT,0.5,THN,BSD,0.005,THN,MOV,0.35
ELH,EQL,ADT,NNN,EFR,EQL,CYC,THN,FAT,0.8
ELH,EQL,ADT,NNN,EFR,EQL,PRG,THN,FAT,0.05,THN,GVB,0.3,THN,CKB,0.6
ELH,EQL,ADT,NNN,EFR,EQL,PRG,THN,GFT,0.5,ANY,MYO,EQL,true,NNN,LFH,EQL,GES
ELH,EQL,ADT,NNN,EFR,EQL,LAC,THN,FAT,0.635,THN,WEN,0.2,THN,CKW,0.8
ELH,EQL,ADT,NNN,EFR,EQL,LAC,THN,GFT,0.999,ANY,MYO,EQL,true,NNN,LFH,EQL,INF
ELH,EQL,GES,THN,RFT,0.999,ANY,MOM,EQL,TRU
ELH,EQL,GES,THN,MNT,0.5,THN,FAT,0.01,THN,BSD,0.05,THN,GRW,0.05,THN,INC,0.05,THN,CKI,0.1
ELH,EQL,INF,THN,RFT,0.999,ANY,MOM,EQL,TRU
ELH,EQL,INF,THN,MOV,0.001,THN,MNT,0.5,THN,FAT,0.05,THN,BSD,0.05,THN,GRW,0.1,THN,JVC,0.05,THN,CKJ,0.1
ELH,EQL,JUV,THN,EAT,0.999,ANY,ISP,EQL,TRU
ELH,EQL,JUV,THN,MOV,0.015,THN,MNT,0.3,THN,FAT,0.05,THN,BSD,0.05,THN,GRW,0.1,THN,ADC,0.15,THN,CKA,0.9
ELH,EQL,JUV,THN,IPR,0.05,THN,ICC,0.3,THN,MTR,0.05,THN,LTS,0.001
ELH,EQL,SEN,THN,EAT,0.999,ANY,ISP,EQL,TRU
ELH,EQL,SEN,THN,MNT,-0.05,THN,MOV,0.2,THN,FAT,0.5","EGO,EQL,TRU,THN,DSC,0.5,THN,DEC,0.1
EGO,EQL,TRU,THN,PDN,0.99,ANY,CRD,EQL,TRU,NNN,LFH,EQL,JUV
ELH,EQL,ADT,THN,EAT,0.999,ANY,ISP,EQL,TRU
ELH,EQL,ADT,THN,MAT,0.5,ANY,LFH,EQL,ADT,NNN,SEX,NQL,ESX
ELH,EQL,ADT,THN,FAT,0.4,THN,MNT,0.5,THN,BSD,0.005,THN,MOV,0.35
ELH,EQL,ADT,NNN,EFR,EQL,CYC,THN,FAT,0.8
ELH,EQL,ADT,NNN,EFR,EQL,PRG,THN,FAT,0.05,THN,GVB,0.3,THN,CKB,0.6
ELH,EQL,ADT,NNN,EFR,EQL,PRG,THN,GFT,0.5,ANY,MYO,EQL,true,NNN,LFH,EQL,GES
ELH,EQL,ADT,NNN,EFR,EQL,LAC,THN,FAT,0.635,THN,WEN,0.2,THN,CKW,0.8
ELH,EQL,ADT,NNN,EFR,EQL,LAC,THN,GFT,0.999,ANY,MYO,EQL,true,NNN,LFH,EQL,INF
ELH,EQL,GES,THN,RFT,0.999,ANY,MOM,EQL,TRU
ELH,EQL,GES,THN,MNT,0.5,THN,FAT,0.01,THN,BSD,0.05,THN,GRW,0.05,THN,INC,0.05,THN,CKI,0.1
ELH,EQL,INF,THN,RFT,0.999,ANY,MOM,EQL,TRU
ELH,EQL,INF,THN,MOV,0.001,THN,MNT,0.5,THN,FAT,0.05,THN,BSD,0.05,THN,GRW,0.1,THN,JVC,0.05,THN,CKJ,0.1
ELH,EQL,JUV,THN,EAT,0.999,ANY,ISP,EQL,TRU
ELH,EQL,JUV,THN,MOV,0.015,THN,MNT,0.3,THN,FAT,0.05,THN,BSD,0.05,THN,GRW,0.1,THN,ADC,0.15,THN,CKA,0.9
ELH,EQL,JUV,THN,IPR,0.05,THN,ICC,0.3,THN,MTR,0.05,THN,LTS,0.001
ELH,EQL,SEN,THN,EAT,0.999,ANY,ISP,EQL,TRU
ELH,EQL,SEN,THN,MNT,-0.05,THN,MOV,0.2,THN,FAT,0.5",adult,true,false,true,Nothing named _A_SIGNAL_CHANCE has been defined.,Nothing named _B_SIGNAL_CHANCE has been defined.,Nothing named _C_SIGNAL_CHANCE has been defined.,0,344251,0.1753909474148423,0.0081072143098203,4.68E307,1,1,7.696063099896007E-20,0.5,0,0,2.963356E-318,7.559445884654547E-5,3.1116626261188137E-18,1,4.2093485346461674E-11,1.5167297659321378E-7,1.831170863341131E-17,2.2080387133645726E-263,1.1029655151019435E-7,2.0776371959486547E-18,Nothing named _MORTALITY_CHANCE has been defined.,5257,5535,285,0,0,false
anima1s,3078350,58.99989262767941,45.126755126796354,3.3415892913409913,23.71098650820747,circleac,ap,0,false,1,1,up,7,1902510,1497308,522596,female,"EGO,EQL,TRU,THN,DSC,0.5,THN,DEC,0.1
EGO,EQL,TRU,THN,PDN,0.99,ANY,CRD,EQL,TRU,NNN,LFH,EQL,JUV
ELH,EQL,ADT,THN,EAT,0.999,ANY,ISP,EQL,TRU
ELH,EQL,ADT,THN,MAT,0.5,ANY,LFH,EQL,ADT,NNN,SEX,NQL,ESX
ELH,EQL,ADT,THN,FAT,0.4,THN,MNT,0.5,THN,BSD,0.005,THN,MOV,0.35
ELH,EQL,ADT,NNN,EFR,EQL,CYC,THN,FAT,0.8
ELH,EQL,ADT,NNN,EFR,EQL,PRG,THN,FAT,0.05,THN,GVB,0.3,THN,CKB,0.6
ELH,EQL,ADT,NNN,EFR,EQL,PRG,THN,GFT,0.5,ANY,MYO,EQL,true,NNN,LFH,EQL,GES
ELH,EQL,ADT,NNN,EFR,EQL,LAC,THN,FAT,0.635,THN,WEN,0.2,THN,CKW,0.8
ELH,EQL,ADT,NNN,EFR,EQL,LAC,THN,GFT,0.999,ANY,MYO,EQL,true,NNN,LFH,EQL,INF
ELH,EQL,GES,THN,RFT,0.999,ANY,MOM,EQL,TRU
ELH,EQL,GES,THN,MNT,0.5,THN,FAT,0.01,THN,BSD,0.05,THN,GRW,0.05,THN,INC,0.05,THN,CKI,0.1
ELH,EQL,INF,THN,RFT,0.999,ANY,MOM,EQL,TRU
ELH,EQL,INF,THN,MOV,0.001,THN,MNT,0.5,THN,FAT,0.05,THN,BSD,0.05,THN,GRW,0.1,THN,JVC,0.05,THN,CKJ,0.1
ELH,EQL,JUV,THN,EAT,0.999,ANY,ISP,EQL,TRU
ELH,EQL,JUV,THN,MOV,0.015,THN,MNT,0.3,THN,FAT,0.05,THN,BSD,0.05,THN,GRW,0.1,THN,ADC,0.15,THN,CKA,0.9
ELH,EQL,JUV,THN,IPR,0.05,THN,ICC,0.3,THN,MTR,0.05,THN,LTS,0.001
ELH,EQL,SEN,THN,EAT,0.999,ANY,ISP,EQL,TRU
ELH,EQL,SEN,THN,MNT,-0.05,THN,MOV,0.2,THN,FAT,0.5","EGO,EQL,TRU,THN,DSC,0.5,THN,DEC,0.1
EGO,EQL,TRU,THN,PDN,0.99,ANY,CRD,EQL,TRU,NNN,LFH,EQL,JUV
ELH,EQL,ADT,THN,EAT,0.999,ANY,ISP,EQL,TRU
ELH,EQL,ADT,THN,MAT,0.5,ANY,LFH,EQL,ADT,NNN,SEX,NQL,ESX
ELH,EQL,ADT,THN,FAT,0.4,THN,MNT,0.5,THN,BSD,0.005,THN,MOV,0.35
ELH,EQL,ADT,NNN,EFR,EQL,CYC,THN,FAT,0.8
ELH,EQL,ADT,NNN,EFR,EQL,PRG,THN,FAT,0.05,THN,GVB,0.3,THN,CKB,0.6
ELH,EQL,ADT,NNN,EFR,EQL,PRG,THN,GFT,0.5,ANY,MYO,EQL,true,NNN,LFH,EQL,GES
ELH,EQL,ADT,NNN,EFR,EQL,LAC,THN,FAT,0.635,THN,WEN,0.2,THN,CKW,0.8
ELH,EQL,ADT,NNN,EFR,EQL,LAC,THN,GFT,0.999,ANY,MYO,EQL,true,NNN,LFH,EQL,INF
ELH,EQL,GES,THN,RFT,0.999,ANY,MOM,EQL,TRU
ELH,EQL,GES,THN,MNT,0.5,THN,FAT,0.01,THN,BSD,0.05,THN,GRW,0.05,THN,INC,0.05,THN,CKI,0.1
ELH,EQL,INF,THN,RFT,0.999,ANY,MOM,EQL,TRU
ELH,EQL,INF,THN,MOV,0.001,THN,MNT,0.5,THN,FAT,0.05,THN,BSD,0.05,THN,GRW,0.1,THN,JVC,0.05,THN,CKJ,0.1
ELH,EQL,JUV,THN,EAT,0.999,ANY,ISP,EQL,TRU
ELH,EQL,JUV,THN,MOV,0.015,THN,MNT,0.3,THN,FAT,0.05,THN,BSD,0.05,THN,GRW,0.1,THN,ADC,0.15,THN,CKA,0.9
ELH,EQL,JUV,THN,IPR,0.05,THN,ICC,0.3,THN,MTR,0.05,THN,LTS,0.001
ELH,EQL,SEN,THN,EAT,0.999,ANY,ISP,EQL,TRU
ELH,EQL,SEN,THN,MNT,-0.05,THN,MOV,0.2,THN,FAT,0.5",adult,true,false,true,Nothing named _A_SIGNAL_CHANCE has been defined.,Nothing named _B_SIGNAL_CHANCE has been defined.,Nothing named _C_SIGNAL_CHANCE has been defined.,0,522596,0.10955413269175883,0.9991949183698553,7.62E306,1,1,4.662871007020527E-5,0.5,0,0,8.306116105098868E-5,7.559445884654547E-5,8.089650206274812E-108,1,5.884317825603862E-24,7.950834266001062E-109,7.742752148151475E-76,1.7584400086547852E-11,5.8033E-320,7.950834266001062E-109,Nothing named _MORTALITY_CHANCE has been defined.,6212,6324,285,0,0,false
groups,522596,55,340.327691,10.29636983,16.53747057,default," ",9.9,true,1,1,up,GROUPS breed does not own variable GENERATION,GROUPS breed does not own variable MOTHER-ID,GROUPS breed does not own variable FATHER-ID,GROUPS breed does not own variable NATAL-GROUP-ID,GROUPS breed does not own variable SEX,GROUPS breed does not own variable CHROMOSOME-I,GROUPS breed does not own variable CHROMOSOME-II,GROUPS breed does not own variable LIFE_HISTORY,GROUPS breed does not own variable _SIGNAL_A_ON,GROUPS breed does not own variable _SIGNAL_B_ON,GROUPS breed does not own variable _SIGNAL_C_ON,GROUPS breed does not own variable _A_SIGNAL_CHANCE,GROUPS breed does not own variable _B_SIGNAL_CHANCE,GROUPS breed does not own variable _C_SIGNAL_CHANCE,GROUPS breed does not own variable PREVIOUS-GROUP-ID,GROUPS breed does not own variable CURRENT-GROUP-ID,GROUPS breed does not own variable _ENERGY,GROUPS breed does not own variable _STOMACH,GROUPS breed does not own variable _RESERVES,GROUPS breed does not own variable _LIVING_CHANCE,GROUPS breed does not own variable _BODY_SIZE,GROUPS breed does not own variable _BODY_SHADE,GROUPS breed does not own variable _DAY_PERCEPTION_RANGE,GROUPS breed does not own variable _NIGHT_PERCEPTION_RANGE,GROUPS breed does not own variable _AUDIO_PERCEPTION_RANGE,GROUPS breed does not own variable _MUTATION_CHANCE,GROUPS breed does not own variable _SEX_RATIO,GROUPS breed does not own variable _LITTER_SIZE,GROUPS breed does not own variable _CONCEPTION_CHANCE,GROUPS breed does not own variable _BIRTHING_CHANCE,GROUPS breed does not own variable _WEANING_CHANCE,GROUPS breed does not own variable _INFANCY_CHANCE,GROUPS breed does not own variable _JUVENILITY_CHANCE,GROUPS breed does not own variable _ADULTHOOD_CHANCE,GROUPS breed does not own variable _SENESCENCY_CHANCE,Nothing named _MORTALITY_CHANCE has been defined.,GROUPS breed does not own variable TICKS-AT-BIRTH,GROUPS breed does not own variable TICKS-AT-WEANING,GROUPS breed does not own variable TICKS-AT-SEXUAL-MATURITY,GROUPS breed does not own variable TICKS-AT-SENESCENCE,GROUPS breed does not own variable TICKS-AT-DEATH,GROUPS breed does not own variable IS-DEAD?
groups,504509,105,27.63079115,7.92906626,24.30099531,default," ",9.9,true,1,1,up,GROUPS breed does not own variable GENERATION,GROUPS breed does not own variable MOTHER-ID,GROUPS breed does not own variable FATHER-ID,GROUPS breed does not own variable NATAL-GROUP-ID,GROUPS breed does not own variable SEX,GROUPS breed does not own variable CHROMOSOME-I,GROUPS breed does not own variable CHROMOSOME-II,GROUPS breed does not own variable LIFE_HISTORY,GROUPS breed does not own variable _SIGNAL_A_ON,GROUPS breed does not own variable _SIGNAL_B_ON,GROUPS breed does not own variable _SIGNAL_C_ON,GROUPS breed does not own variable _A_SIGNAL_CHANCE,GROUPS breed does not own variable _B_SIGNAL_CHANCE,GROUPS breed does not own variable _C_SIGNAL_CHANCE,GROUPS breed does not own variable PREVIOUS-GROUP-ID,GROUPS breed does not own variable CURRENT-GROUP-ID,GROUPS breed does not own variable _ENERGY,GROUPS breed does not own variable _STOMACH,GROUPS breed does not own variable _RESERVES,GROUPS breed does not own variable _LIVING_CHANCE,GROUPS breed does not own variable _BODY_SIZE,GROUPS breed does not own variable _BODY_SHADE,GROUPS breed does not own variable _DAY_PERCEPTION_RANGE,GROUPS breed does not own variable _NIGHT_PERCEPTION_RANGE,GROUPS breed does not own variable _AUDIO_PERCEPTION_RANGE,GROUPS breed does not own variable _MUTATION_CHANCE,GROUPS breed does not own variable _SEX_RATIO,GROUPS breed does not own variable _LITTER_SIZE,GROUPS breed does not own variable _CONCEPTION_CHANCE,GROUPS breed does not own variable _BIRTHING_CHANCE,GROUPS breed does not own variable _WEANING_CHANCE,GROUPS breed does not own variable _INFANCY_CHANCE,GROUPS breed does not own variable _JUVENILITY_CHANCE,GROUPS breed does not own variable _ADULTHOOD_CHANCE,GROUPS breed does not own variable _SENESCENCY_CHANCE,Nothing named _MORTALITY_CHANCE has been defined.,GROUPS breed does not own variable TICKS-AT-BIRTH,GROUPS breed does not own variable TICKS-AT-WEANING,GROUPS breed does not own variable TICKS-AT-SEXUAL-MATURITY,GROUPS breed does not own variable TICKS-AT-SENESCENCE,GROUPS breed does not own variable TICKS-AT-DEATH,GROUPS breed does not own variable IS-DEAD?
groups,125045,125,4.086046947,10.36991248,18.84260643,default,p,9.9,true,1,1,up,GROUPS breed does not own variable GENERATION,GROUPS breed does not own variable MOTHER-ID,GROUPS breed does not own variable FATHER-ID,GROUPS breed does not own variable NATAL-GROUP-ID,GROUPS breed does not own variable SEX,GROUPS breed does not own variable CHROMOSOME-I,GROUPS breed does not own variable CHROMOSOME-II,GROUPS breed does not own variable LIFE_HISTORY,GROUPS breed does not own variable _SIGNAL_A_ON,GROUPS breed does not own variable _SIGNAL_B_ON,GROUPS breed does not own variable _SIGNAL_C_ON,GROUPS breed does not own variable _A_SIGNAL_CHANCE,GROUPS breed does not own variable _B_SIGNAL_CHANCE,GROUPS breed does not own variable _C_SIGNAL_CHANCE,GROUPS breed does not own variable PREVIOUS-GROUP-ID,GROUPS breed does not own variable CURRENT-GROUP-ID,GROUPS breed does not own variable _ENERGY,GROUPS breed does not own variable _STOMACH,GROUPS breed does not own variable _RESERVES,GROUPS breed does not own variable _LIVING_CHANCE,GROUPS breed does not own variable _BODY_SIZE,GROUPS breed does not own variable _BODY_SHADE,GROUPS breed does not own variable _DAY_PERCEPTION_RANGE,GROUPS breed does not own variable _NIGHT_PERCEPTION_RANGE,GROUPS breed does not own variable _AUDIO_PERCEPTION_RANGE,GROUPS breed does not own variable _MUTATION_CHANCE,GROUPS breed does not own variable _SEX_RATIO,GROUPS breed does not own variable _LITTER_SIZE,GROUPS breed does not own variable _CONCEPTION_CHANCE,GROUPS breed does not own variable _BIRTHING_CHANCE,GROUPS breed does not own variable _WEANING_CHANCE,GROUPS breed does not own variable _INFANCY_CHANCE,GROUPS breed does not own variable _JUVENILITY_CHANCE,GROUPS breed does not own variable _ADULTHOOD_CHANCE,GROUPS breed does not own variable _SENESCENCY_CHANCE,Nothing named _MORTALITY_CHANCE has been defined.,GROUPS breed does not own variable TICKS-AT-BIRTH,GROUPS breed does not own variable TICKS-AT-WEANING,GROUPS breed does not own variable TICKS-AT-SEXUAL-MATURITY,GROUPS breed does not own variable TICKS-AT-SENESCENCE,GROUPS breed does not own variable TICKS-AT-DEATH,GROUPS breed does not own variable IS-DEAD?
groups,11977,65,2.936015454,17.18041302,25.4729693,default,l,9.9,true,1,1,up,GROUPS breed does not own variable GENERATION,GROUPS breed does not own variable MOTHER-ID,GROUPS breed does not own variable FATHER-ID,GROUPS breed does not own variable NATAL-GROUP-ID,GROUPS breed does not own variable SEX,GROUPS breed does not own variable CHROMOSOME-I,GROUPS breed does not own variable CHROMOSOME-II,GROUPS breed does not own variable LIFE_HISTORY,GROUPS breed does not own variable _SIGNAL_A_ON,GROUPS breed does not own variable _SIGNAL_B_ON,GROUPS breed does not own variable _SIGNAL_C_ON,GROUPS breed does not own variable _A_SIGNAL_CHANCE,GROUPS breed does not own variable _B_SIGNAL_CHANCE,GROUPS breed does not own variable _C_SIGNAL_CHANCE,GROUPS breed does not own variable PREVIOUS-GROUP-ID,GROUPS breed does not own variable CURRENT-GROUP-ID,GROUPS breed does not own variable _ENERGY,GROUPS breed does not own variable _STOMACH,GROUPS breed does not own variable _RESERVES,GROUPS breed does not own variable _LIVING_CHANCE,GROUPS breed does not own variable _BODY_SIZE,GROUPS breed does not own variable _BODY_SHADE,GROUPS breed does not own variable _DAY_PERCEPTION_RANGE,GROUPS breed does not own variable _NIGHT_PERCEPTION_RANGE,GROUPS breed does not own variable _AUDIO_PERCEPTION_RANGE,GROUPS breed does not own variable _MUTATION_CHANCE,GROUPS breed does not own variable _SEX_RATIO,GROUPS breed does not own variable _LITTER_SIZE,GROUPS breed does not own variable _CONCEPTION_CHANCE,GROUPS breed does not own variable _BIRTHING_CHANCE,GROUPS breed does not own variable _WEANING_CHANCE,GROUPS breed does not own variable _INFANCY_CHANCE,GROUPS breed does not own variable _JUVENILITY_CHANCE,GROUPS breed does not own variable _ADULTHOOD_CHANCE,GROUPS breed does not own variable _SENESCENCY_CHANCE,Nothing named _MORTALITY_CHANCE has been defined.,GROUPS breed does not own variable TICKS-AT-BIRTH,GROUPS breed does not own variable TICKS-AT-WEANING,GROUPS breed does not own variable TICKS-AT-SEXUAL-MATURITY,GROUPS breed does not own variable TICKS-AT-SENESCENCE,GROUPS breed does not own variable TICKS-AT-DEATH,GROUPS breed does not own variable IS-DEAD?
groups,344251,115,306.3083526,6.244860355,17.79063798,default," ",9.9,true,1,1,up,GROUPS breed does not own variable GENERATION,GROUPS breed does not own variable MOTHER-ID,GROUPS breed does not own variable FATHER-ID,GROUPS breed does not own variable NATAL-GROUP-ID,GROUPS breed does not own variable SEX,GROUPS breed does not own variable CHROMOSOME-I,GROUPS breed does not own variable CHROMOSOME-II,GROUPS breed does not own variable LIFE_HISTORY,GROUPS breed does not own variable _SIGNAL_A_ON,GROUPS breed does not own variable _SIGNAL_B_ON,GROUPS breed does not own variable _SIGNAL_C_ON,GROUPS breed does not own variable _A_SIGNAL_CHANCE,GROUPS breed does not own variable _B_SIGNAL_CHANCE,GROUPS breed does not own variable _C_SIGNAL_CHANCE,GROUPS breed does not own variable PREVIOUS-GROUP-ID,GROUPS breed does not own variable CURRENT-GROUP-ID,GROUPS breed does not own variable _ENERGY,GROUPS breed does not own variable _STOMACH,GROUPS breed does not own variable _RESERVES,GROUPS breed does not own variable _LIVING_CHANCE,GROUPS breed does not own variable _BODY_SIZE,GROUPS breed does not own variable _BODY_SHADE,GROUPS breed does not own variable _DAY_PERCEPTION_RANGE,GROUPS breed does not own variable _NIGHT_PERCEPTION_RANGE,GROUPS breed does not own variable _AUDIO_PERCEPTION_RANGE,GROUPS breed does not own variable _MUTATION_CHANCE,GROUPS breed does not own variable _SEX_RATIO,GROUPS breed does not own variable _LITTER_SIZE,GROUPS breed does not own variable _CONCEPTION_CHANCE,GROUPS breed does not own variable _BIRTHING_CHANCE,GROUPS breed does not own variable _WEANING_CHANCE,GROUPS breed does not own variable _INFANCY_CHANCE,GROUPS breed does not own variable _JUVENILITY_CHANCE,GROUPS breed does not own variable _ADULTHOOD_CHANCE,GROUPS breed does not own variable _SENESCENCY_CHANCE,Nothing named _MORTALITY_CHANCE has been defined.,GROUPS breed does not own variable TICKS-AT-BIRTH,GROUPS breed does not own variable TICKS-AT-WEANING,GROUPS breed does not own variable TICKS-AT-SEXUAL-MATURITY,GROUPS breed does not own variable TICKS-AT-SENESCENCE,GROUPS breed does not own variable TICKS-AT-DEATH,GROUPS breed does not own variable IS-DEAD?
groups,793305,25,172.707853,4.255056177,14.82223695,default," ",9.9,true,1,1,up,GROUPS breed does not own variable GENERATION,GROUPS breed does not own variable MOTHER-ID,GROUPS breed does not own variable FATHER-ID,GROUPS breed does not own variable NATAL-GROUP-ID,GROUPS breed does not own variable SEX,GROUPS breed does not own variable CHROMOSOME-I,GROUPS breed does not own variable CHROMOSOME-II,GROUPS breed does not own variable LIFE_HISTORY,GROUPS breed does not own variable _SIGNAL_A_ON,GROUPS breed does not own variable _SIGNAL_B_ON,GROUPS breed does not own variable _SIGNAL_C_ON,GROUPS breed does not own variable _A_SIGNAL_CHANCE,GROUPS breed does not own variable _B_SIGNAL_CHANCE,GROUPS breed does not own variable _C_SIGNAL_CHANCE,GROUPS breed does not own variable PREVIOUS-GROUP-ID,GROUPS breed does not own variable CURRENT-GROUP-ID,GROUPS breed does not own variable _ENERGY,GROUPS breed does not own variable _STOMACH,GROUPS breed does not own variable _RESERVES,GROUPS breed does not own variable _LIVING_CHANCE,GROUPS breed does not own variable _BODY_SIZE,GROUPS breed does not own variable _BODY_SHADE,GROUPS breed does not own variable _DAY_PERCEPTION_RANGE,GROUPS breed does not own variable _NIGHT_PERCEPTION_RANGE,GROUPS breed does not own variable _AUDIO_PERCEPTION_RANGE,GROUPS breed does not own variable _MUTATION_CHANCE,GROUPS breed does not own variable _SEX_RATIO,GROUPS breed does not own variable _LITTER_SIZE,GROUPS breed does not own variable _CONCEPTION_CHANCE,GROUPS breed does not own variable _BIRTHING_CHANCE,GROUPS breed does not own variable _WEANING_CHANCE,GROUPS breed does not own variable _INFANCY_CHANCE,GROUPS breed does not own variable _JUVENILITY_CHANCE,GROUPS breed does not own variable _ADULTHOOD_CHANCE,GROUPS breed does not own variable _SENESCENCY_CHANCE,Nothing named _MORTALITY_CHANCE has been defined.,GROUPS breed does not own variable TICKS-AT-BIRTH,GROUPS breed does not own variable TICKS-AT-WEANING,GROUPS breed does not own variable TICKS-AT-SEXUAL-MATURITY,GROUPS breed does not own variable TICKS-AT-SENESCENCE,GROUPS breed does not own variable TICKS-AT-DEATH,GROUPS breed does not own variable IS-DEAD?
groups,351480,75,177.1447339,23.17018172,14.79537168,default," ",9.9,true,1,1,up,GROUPS breed does not own variable GENERATION,GROUPS breed does not own variable MOTHER-ID,GROUPS breed does not own variable FATHER-ID,GROUPS breed does not own variable NATAL-GROUP-ID,GROUPS breed does not own variable SEX,GROUPS breed does not own variable CHROMOSOME-I,GROUPS breed does not own variable CHROMOSOME-II,GROUPS breed does not own variable LIFE_HISTORY,GROUPS breed does not own variable _SIGNAL_A_ON,GROUPS breed does not own variable _SIGNAL_B_ON,GROUPS breed does not own variable _SIGNAL_C_ON,GROUPS breed does not own variable _A_SIGNAL_CHANCE,GROUPS breed does not own variable _B_SIGNAL_CHANCE,GROUPS breed does not own variable _C_SIGNAL_CHANCE,GROUPS breed does not own variable PREVIOUS-GROUP-ID,GROUPS breed does not own variable CURRENT-GROUP-ID,GROUPS breed does not own variable _ENERGY,GROUPS breed does not own variable _STOMACH,GROUPS breed does not own variable _RESERVES,GROUPS breed does not own variable _LIVING_CHANCE,GROUPS breed does not own variable _BODY_SIZE,GROUPS breed does not own variable _BODY_SHADE,GROUPS breed does not own variable _DAY_PERCEPTION_RANGE,GROUPS breed does not own variable _NIGHT_PERCEPTION_RANGE,GROUPS breed does not own variable _AUDIO_PERCEPTION_RANGE,GROUPS breed does not own variable _MUTATION_CHANCE,GROUPS breed does not own variable _SEX_RATIO,GROUPS breed does not own variable _LITTER_SIZE,GROUPS breed does not own variable _CONCEPTION_CHANCE,GROUPS breed does not own variable _BIRTHING_CHANCE,GROUPS breed does not own variable _WEANING_CHANCE,GROUPS breed does not own variable _INFANCY_CHANCE,GROUPS breed does not own variable _JUVENILITY_CHANCE,GROUPS breed does not own variable _ADULTHOOD_CHANCE,GROUPS breed does not own variable _SENESCENCY_CHANCE,Nothing named _MORTALITY_CHANCE has been defined.,GROUPS breed does not own variable TICKS-AT-BIRTH,GROUPS breed does not own variable TICKS-AT-WEANING,GROUPS breed does not own variable TICKS-AT-SEXUAL-MATURITY,GROUPS breed does not own variable TICKS-AT-SENESCENCE,GROUPS breed does not own variable TICKS-AT-DEATH,GROUPS breed does not own variable IS-DEAD?
groups,128103,85,118.7360736,3.727627656,13.98247233,default," ",9.9,true,1,1,up,GROUPS breed does not own variable GENERATION,GROUPS breed does not own variable MOTHER-ID,GROUPS breed does not own variable FATHER-ID,GROUPS breed does not own variable NATAL-GROUP-ID,GROUPS breed does not own variable SEX,GROUPS breed does not own variable CHROMOSOME-I,GROUPS breed does not own variable CHROMOSOME-II,GROUPS breed does not own variable LIFE_HISTORY,GROUPS breed does not own variable _SIGNAL_A_ON,GROUPS breed does not own variable _SIGNAL_B_ON,GROUPS breed does not own variable _SIGNAL_C_ON,GROUPS breed does not own variable _A_SIGNAL_CHANCE,GROUPS breed does not own variable _B_SIGNAL_CHANCE,GROUPS breed does not own variable _C_SIGNAL_CHANCE,GROUPS breed does not own variable PREVIOUS-GROUP-ID,GROUPS breed does not own variable CURRENT-GROUP-ID,GROUPS breed does not own variable _ENERGY,GROUPS breed does not own variable _STOMACH,GROUPS breed does not own variable _RESERVES,GROUPS breed does not own variable _LIVING_CHANCE,GROUPS breed does not own variable _BODY_SIZE,GROUPS breed does not own variable _BODY_SHADE,GROUPS breed does not own variable _DAY_PERCEPTION_RANGE,GROUPS breed does not own variable _NIGHT_PERCEPTION_RANGE,GROUPS breed does not own variable _AUDIO_PERCEPTION_RANGE,GROUPS breed does not own variable _MUTATION_CHANCE,GROUPS breed does not own variable _SEX_RATIO,GROUPS breed does not own variable _LITTER_SIZE,GROUPS breed does not own variable _CONCEPTION_CHANCE,GROUPS breed does not own variable _BIRTHING_CHANCE,GROUPS breed does not own variable _WEANING_CHANCE,GROUPS breed does not own variable _INFANCY_CHANCE,GROUPS breed does not own variable _JUVENILITY_CHANCE,GROUPS breed does not own variable _ADULTHOOD_CHANCE,GROUPS breed does not own variable _SENESCENCY_CHANCE,Nothing named _MORTALITY_CHANCE has been defined.,GROUPS breed does not own variable TICKS-AT-BIRTH,GROUPS breed does not own variable TICKS-AT-WEANING,GROUPS breed does not own variable TICKS-AT-SEXUAL-MATURITY,GROUPS breed does not own variable TICKS-AT-SENESCENCE,GROUPS breed does not own variable TICKS-AT-DEATH,GROUPS breed does not own variable IS-DEAD?
groups,197880,5,257.201552,2.827881505,22.07781667,default," ",9.9,true,1,1,up,GROUPS breed does not own variable GENERATION,GROUPS breed does not own variable MOTHER-ID,GROUPS breed does not own variable FATHER-ID,GROUPS breed does not own variable NATAL-GROUP-ID,GROUPS breed does not own variable SEX,GROUPS breed does not own variable CHROMOSOME-I,GROUPS breed does not own variable CHROMOSOME-II,GROUPS breed does not own variable LIFE_HISTORY,GROUPS breed does not own variable _SIGNAL_A_ON,GROUPS breed does not own variable _SIGNAL_B_ON,GROUPS breed does not own variable _SIGNAL_C_ON,GROUPS breed does not own variable _A_SIGNAL_CHANCE,GROUPS breed does not own variable _B_SIGNAL_CHANCE,GROUPS breed does not own variable _C_SIGNAL_CHANCE,GROUPS breed does not own variable PREVIOUS-GROUP-ID,GROUPS breed does not own variable CURRENT-GROUP-ID,GROUPS breed does not own variable _ENERGY,GROUPS breed does not own variable _STOMACH,GROUPS breed does not own variable _RESERVES,GROUPS breed does not own variable _LIVING_CHANCE,GROUPS breed does not own variable _BODY_SIZE,GROUPS breed does not own variable _BODY_SHADE,GROUPS breed does not own variable _DAY_PERCEPTION_RANGE,GROUPS breed does not own variable _NIGHT_PERCEPTION_RANGE,GROUPS breed does not own variable _AUDIO_PERCEPTION_RANGE,GROUPS breed does not own variable _MUTATION_CHANCE,GROUPS breed does not own variable _SEX_RATIO,GROUPS breed does not own variable _LITTER_SIZE,GROUPS breed does not own variable _CONCEPTION_CHANCE,GROUPS breed does not own variable _BIRTHING_CHANCE,GROUPS breed does not own variable _WEANING_CHANCE,GROUPS breed does not own variable _INFANCY_CHANCE,GROUPS breed does not own variable _JUVENILITY_CHANCE,GROUPS breed does not own variable _ADULTHOOD_CHANCE,GROUPS breed does not own variable _SENESCENCY_CHANCE,Nothing named _MORTALITY_CHANCE has been defined.,GROUPS breed does not own variable TICKS-AT-BIRTH,GROUPS breed does not own variable TICKS-AT-WEANING,GROUPS breed does not own variable TICKS-AT-SEXUAL-MATURITY,GROUPS breed does not own variable TICKS-AT-SENESCENCE,GROUPS breed does not own variable TICKS-AT-DEATH,GROUPS breed does not own variable IS-DEAD?
