breed,meta.id,age,color,heading,xcor,ycor,label,label-color,shape,hidden?,size,pen-size,pen-mode,biological.sex,life.history,female.fertility,group.identity,is.alive,yellow.signal,red.signal,blue.signal,living.chance,body.size,body.shade,energy.supply,identity.I,identity.II,carried.items,bite.capacity,mutation.chance,sex.ratio,litter.size,conception.chance,visual.angle,visual.range,day.perception,night.perception,yellow.chance,red.chance,blue.chance,birthing.chance,weaning.chance,infancy.chance,juvenility.chance,adulthood.chance,x.magnitude,y.magnitude,chromosome.I,chromosome.II,my.mother
anima1s,8718010,,5,0,55,59.285714285714285," ",9.9,circle323,false,0.99999,1,up,female,adult,cycling,1329865,true,false,false,false,1,0.99999,0.7,1000000,amsztbxkvz,czxrjkfekp,,0.2,0.1,0.5,0,0.99999,0.5,1,1,1,0.99999,0,0,0,0,1.21E-5,9.99E-6,0.011077159,0,0,"false,e,e,living-chance,0.05
false,f,of,hide,0.05","false,f,e,go-forward,0.1
false,f,e,set-heading-random,0.05
false,f25,f15,move-toward,0.9
false,f25,f15,hide,-1
false,f35,f25,move-toward,0.9
false,f35,f25,hide,-1
false,f45,f35,move-toward,0.9
false,f45,f35,hide,-1
false,f65,f45,move-toward,0.9
false,f65,f45,hide,-1
false,f75,f65,move-toward,0.9
false,f75,f65,hide,-1
false,f85,f75,move-toward,0.9
false,f85,f75,hide,-1
false,f95,f85,move-toward,0.9
false,f95,f85,hide,-1",nobody
anima1s,3951210,,115,0,88,43.57142857142857," ",9.9,circle323,false,0.99999,1,up,female,adult,cycling,765635,true,false,false,false,1,0.99999,0.7,1000000,cyszjkxkkz,azdrtklevd,,0.2,0.1,0.5,0,0.99999,0.5,1,1,1,0.99999,0,0,0,0,1.0E-5,1.23E-5,0.003560316,0,0,"false,e,e,living-chance,0.05
false,f,of,hide,0.05","false,f,e,go-forward,0.1
false,f,e,set-heading-random,0.05
false,f25,f15,move-toward,0.9
false,f25,f15,hide,-1
false,f35,f25,move-toward,0.9
false,f35,f25,hide,-1
false,f45,f35,move-toward,0.9
false,f45,f35,hide,-1
false,f65,f45,move-toward,0.9
false,f65,f45,hide,-1
false,f75,f65,move-toward,0.9
false,f75,f65,hide,-1
false,f85,f75,move-toward,0.9
false,f85,f75,hide,-1
false,f95,f85,move-toward,0.9
false,f95,f85,hide,-1",nobody
anima1s,1371275,,5,0,88,59.285714285714285," ",9.9,circle323,false,0.99999,1,up,female,adult,cycling,1360805,true,false,false,false,1,0.99999,0.7,1000000,cyszjkxkkz,azdrtklevd,,0.2,0.1,0.5,0,0.99999,0.5,1,1,1,0.99999,0,0,0,0,1.0E-5,1.23E-5,0.003560316,0,0,"false,e,e,living-chance,0.05
false,f,of,hide,0.05","false,f,e,go-forward,0.1
false,f,e,set-heading-random,0.05
false,f25,f15,move-toward,0.9
false,f25,f15,hide,-1
false,f35,f25,move-toward,0.9
false,f35,f25,hide,-1
false,f45,f35,move-toward,0.9
false,f45,f35,hide,-1
false,f65,f45,move-toward,0.9
false,f65,f45,hide,-1
false,f75,f65,move-toward,0.9
false,f75,f65,hide,-1
false,f85,f75,move-toward,0.9
false,f85,f75,hide,-1
false,f95,f85,move-toward,0.9
false,f95,f85,hide,-1",nobody
anima1s,644660,,95,0,88,46.42857142857143," ",9.9,circle323,false,0.99999,1,up,female,adult,cycling,294795,true,false,false,false,1,0.99999,0.7,1000000,cyszjkxkkz,azdrtklevd,,0.2,0.1,0.5,0,0.99999,0.5,1,1,1,0.99999,0,0,0,0,1.0E-5,1.23E-5,0.003560316,0,0,"false,e,e,living-chance,0.05
false,f,of,hide,0.05","false,f,e,go-forward,0.1
false,f,e,set-heading-random,0.05
false,f25,f15,move-toward,0.9
false,f25,f15,hide,-1
false,f35,f25,move-toward,0.9
false,f35,f25,hide,-1
false,f45,f35,move-toward,0.9
false,f45,f35,hide,-1
false,f65,f45,move-toward,0.9
false,f65,f45,hide,-1
false,f75,f65,move-toward,0.9
false,f75,f65,hide,-1
false,f85,f75,move-toward,0.9
false,f85,f75,hide,-1
false,f95,f85,move-toward,0.9
false,f95,f85,hide,-1",nobody
anima1s,9466807,,85,0,44,47.85714285714286," ",9.9,circle323,false,0.99999,1,up,female,adult,cycling,390965,true,false,false,false,1,0.99999,0.7,1000000,cyszjkxkkz,azdrtklevd,,0.2,0.1,0.5,0,0.99999,0.5,1,1,1,0.99999,0,0,0,0,1.0E-5,1.23E-5,0.003560316,0,0,"false,e,e,living-chance,0.05
false,f,of,hide,0.05","false,f,e,go-forward,0.1
false,f,e,set-heading-random,0.05
false,f25,f15,move-toward,0.9
false,f25,f15,hide,-1
false,f35,f25,move-toward,0.9
false,f35,f25,hide,-1
false,f45,f35,move-toward,0.9
false,f45,f35,hide,-1
false,f65,f45,move-toward,0.9
false,f65,f45,hide,-1
false,f75,f65,move-toward,0.9
false,f75,f65,hide,-1
false,f85,f75,move-toward,0.9
false,f85,f75,hide,-1
false,f95,f85,move-toward,0.9
false,f95,f85,hide,-1",nobody
anima1s,2559802,,65,0,77,50.714285714285715," ",9.9,circle323,false,0.99999,1,up,female,adult,cycling,121025,true,false,false,false,1,0.99999,0.7,1000000,wzxzykadyu,amdltbyukz,,0.2,0.1,0.5,0,0.99999,0.5,1,1,1,0.99999,0,0,0,0,1.32E-5,1.08E-4,0.025021047,0,0,"false,e,e,living-chance,0.05
false,f,of,hide,0.05","false,f,e,go-forward,0.1
false,f,e,set-heading-random,0.05
false,f25,f15,move-toward,0.9
false,f25,f15,hide,-1
false,f35,f25,move-toward,0.9
false,f35,f25,hide,-1
false,f45,f35,move-toward,0.9
false,f45,f35,hide,-1
false,f65,f45,move-toward,0.9
false,f65,f45,hide,-1
false,f75,f65,move-toward,0.9
false,f75,f65,hide,-1
false,f85,f75,move-toward,0.9
false,f85,f75,hide,-1
false,f95,f85,move-toward,0.9
false,f95,f85,hide,-1",nobody
anima1s,4023626,,65,0,66,50.714285714285715," ",9.9,circle323,false,0.99999,1,up,female,adult,cycling,7885845,true,false,false,false,1,0.99999,0.7,1000000,amsztbxkvz,czxrjkfekp,,0.2,0.1,0.5,0,0.99999,0.5,1,1,1,0.99999,0,0,0,0,1.21E-5,9.99E-6,0.011077159,0,0,"false,e,e,living-chance,0.05
false,f,of,hide,0.05","false,f,e,go-forward,0.1
false,f,e,set-heading-random,0.05
false,f25,f15,move-toward,0.9
false,f25,f15,hide,-1
false,f35,f25,move-toward,0.9
false,f35,f25,hide,-1
false,f45,f35,move-toward,0.9
false,f45,f35,hide,-1
false,f65,f45,move-toward,0.9
false,f65,f45,hide,-1
false,f75,f65,move-toward,0.9
false,f75,f65,hide,-1
false,f85,f75,move-toward,0.9
false,f85,f75,hide,-1
false,f95,f85,move-toward,0.9
false,f95,f85,hide,-1",nobody
anima1s,4184420,,5,0,55,59.285714285714285," ",9.9,circle323,false,0.99999,1,up,female,adult,cycling,12745,true,false,false,false,1,0.99999,0.7,1000000,cyszjkxkkz,azdrtklevd,,0.2,0.1,0.5,0,0.99999,0.5,1,1,1,0.99999,0,0,0,0,1.0E-5,1.23E-5,0.003560316,0,0,"false,e,e,living-chance,0.05
false,f,of,hide,0.05","false,f,e,go-forward,0.1
false,f,e,set-heading-random,0.05
false,f25,f15,move-toward,0.9
false,f25,f15,hide,-1
false,f35,f25,move-toward,0.9
false,f35,f25,hide,-1
false,f45,f35,move-toward,0.9
false,f45,f35,hide,-1
false,f65,f45,move-toward,0.9
false,f65,f45,hide,-1
false,f75,f65,move-toward,0.9
false,f75,f65,hide,-1
false,f85,f75,move-toward,0.9
false,f85,f75,hide,-1
false,f95,f85,move-toward,0.9
false,f95,f85,hide,-1",nobody
anima1s,8314873,,75,0,44,49.285714285714285," ",9.9,circle323,false,0.99999,1,up,female,adult,cycling,82675,true,false,false,false,1,0.99999,0.7,1000000,cyszjkxkkz,azdrtklevd,,0.2,0.1,0.5,0,0.99999,0.5,1,1,1,0.99999,0,0,0,0,1.0E-5,1.23E-5,0.003560316,0,0,"false,e,e,living-chance,0.05
false,f,of,hide,0.05","false,f,e,go-forward,0.1
false,f,e,set-heading-random,0.05
false,f25,f15,move-toward,0.9
false,f25,f15,hide,-1
false,f35,f25,move-toward,0.9
false,f35,f25,hide,-1
false,f45,f35,move-toward,0.9
false,f45,f35,hide,-1
false,f65,f45,move-toward,0.9
false,f65,f45,hide,-1
false,f75,f65,move-toward,0.9
false,f75,f65,hide,-1
false,f85,f75,move-toward,0.9
false,f85,f75,hide,-1
false,f95,f85,move-toward,0.9
false,f95,f85,hide,-1",nobody
anima1s,5093696,,125,0,66,42.14285714285714," ",9.9,circle323,false,0.99999,1,up,female,adult,cycling,740725,true,false,false,false,1,0.99999,0.7,1000000,wzxzykadyu,amdltbyukz,,0.2,0.1,0.5,0,0.99999,0.5,1,1,1,0.99999,0,0,0,0,1.32E-5,1.08E-4,0.025021047,0,0,"false,e,e,living-chance,0.05
false,f,of,hide,0.05","false,f,e,go-forward,0.1
false,f,e,set-heading-random,0.05
false,f25,f15,move-toward,0.9
false,f25,f15,hide,-1
false,f35,f25,move-toward,0.9
false,f35,f25,hide,-1
false,f45,f35,move-toward,0.9
false,f45,f35,hide,-1
false,f65,f45,move-toward,0.9
false,f65,f45,hide,-1
false,f75,f65,move-toward,0.9
false,f75,f65,hide,-1
false,f85,f75,move-toward,0.9
false,f85,f75,hide,-1
false,f95,f85,move-toward,0.9
false,f95,f85,hide,-1",nobody
anima1s,7058836,,95,0,11,46.42857142857143," ",9.9,circle323,false,0.99999,1,up,female,adult,cycling,235015,true,false,false,false,1,0.99999,0.7,1000000,cyszjkxkkz,azdrtklevd,,0.2,0.1,0.5,0,0.99999,0.5,1,1,1,0.99999,0,0,0,0,1.0E-5,1.23E-5,0.003560316,0,0,"false,e,e,living-chance,0.05
false,f,of,hide,0.05","false,f,e,go-forward,0.1
false,f,e,set-heading-random,0.05
false,f25,f15,move-toward,0.9
false,f25,f15,hide,-1
false,f35,f25,move-toward,0.9
false,f35,f25,hide,-1
false,f45,f35,move-toward,0.9
false,f45,f35,hide,-1
false,f65,f45,move-toward,0.9
false,f65,f45,hide,-1
false,f75,f65,move-toward,0.9
false,f75,f65,hide,-1
false,f85,f75,move-toward,0.9
false,f85,f75,hide,-1
false,f95,f85,move-toward,0.9
false,f95,f85,hide,-1",nobody
anima1s,4771518,,105,0,33,45," ",9.9,circle323,false,0.99999,1,up,female,adult,cycling,498225,true,false,false,false,1,0.99999,0.7,1000000,amsztbxkvz,czxrjkfekp,,0.2,0.1,0.5,0,0.99999,0.5,1,1,1,0.99999,0,0,0,0,1.21E-5,9.99E-6,0.011077159,0,0,"false,e,e,living-chance,0.05
false,f,of,hide,0.05","false,f,e,go-forward,0.1
false,f,e,set-heading-random,0.05
false,f25,f15,move-toward,0.9
false,f25,f15,hide,-1
false,f35,f25,move-toward,0.9
false,f35,f25,hide,-1
false,f45,f35,move-toward,0.9
false,f45,f35,hide,-1
false,f65,f45,move-toward,0.9
false,f65,f45,hide,-1
false,f75,f65,move-toward,0.9
false,f75,f65,hide,-1
false,f85,f75,move-toward,0.9
false,f85,f75,hide,-1
false,f95,f85,move-toward,0.9
false,f95,f85,hide,-1",nobody
anima1s,3187865,,85,0,55,47.85714285714286," ",9.9,circle323,false,0.99999,1,up,female,adult,cycling,137705,true,false,false,false,1,0.99999,0.7,1000000,cyszjkxkkz,azdrtklevd,,0.2,0.1,0.5,0,0.99999,0.5,1,1,1,0.99999,0,0,0,0,1.0E-5,1.23E-5,0.003560316,0,0,"false,e,e,living-chance,0.05
false,f,of,hide,0.05","false,f,e,go-forward,0.1
false,f,e,set-heading-random,0.05
false,f25,f15,move-toward,0.9
false,f25,f15,hide,-1
false,f35,f25,move-toward,0.9
false,f35,f25,hide,-1
false,f45,f35,move-toward,0.9
false,f45,f35,hide,-1
false,f65,f45,move-toward,0.9
false,f65,f45,hide,-1
false,f75,f65,move-toward,0.9
false,f75,f65,hide,-1
false,f85,f75,move-toward,0.9
false,f85,f75,hide,-1
false,f95,f85,move-toward,0.9
false,f95,f85,hide,-1",nobody
anima1s,3074152,,35,0,66,55," ",9.9,circle323,false,0.99999,1,up,female,adult,cycling,1239875,true,false,false,false,1,0.99999,0.7,1000000,cyszjkxkkz,azdrtklevd,,0.2,0.1,0.5,0,0.99999,0.5,1,1,1,0.99999,0,0,0,0,1.0E-5,1.23E-5,0.003560316,0,0,"false,e,e,living-chance,0.05
false,f,of,hide,0.05","false,f,e,go-forward,0.1
false,f,e,set-heading-random,0.05
false,f25,f15,move-toward,0.9
false,f25,f15,hide,-1
false,f35,f25,move-toward,0.9
false,f35,f25,hide,-1
false,f45,f35,move-toward,0.9
false,f45,f35,hide,-1
false,f65,f45,move-toward,0.9
false,f65,f45,hide,-1
false,f75,f65,move-toward,0.9
false,f75,f65,hide,-1
false,f85,f75,move-toward,0.9
false,f85,f75,hide,-1
false,f95,f85,move-toward,0.9
false,f95,f85,hide,-1",nobody
anima1s,4914850,,15,0,22,57.857142857142854," ",9.9,circle323,false,0.99999,1,up,female,adult,cycling,541395,true,false,false,false,1,0.99999,0.7,1000000,wzxzykadyu,amdltbyukz,,0.2,0.1,0.5,0,0.99999,0.5,1,1,1,0.99999,0,0,0,0,1.32E-5,1.08E-4,0.025021047,0,0,"false,e,e,living-chance,0.05
false,f,of,hide,0.05","false,f,e,go-forward,0.1
false,f,e,set-heading-random,0.05
false,f25,f15,move-toward,0.9
false,f25,f15,hide,-1
false,f35,f25,move-toward,0.9
false,f35,f25,hide,-1
false,f45,f35,move-toward,0.9
false,f45,f35,hide,-1
false,f65,f45,move-toward,0.9
false,f65,f45,hide,-1
false,f75,f65,move-toward,0.9
false,f75,f65,hide,-1
false,f85,f75,move-toward,0.9
false,f85,f75,hide,-1
false,f95,f85,move-toward,0.9
false,f95,f85,hide,-1",nobody
anima1s,9100254,,35,0,88,55," ",9.9,circle323,false,0.99999,1,up,female,adult,cycling,218155,true,false,false,false,1,0.99999,0.7,1000000,cyszjkxkkz,azdrtklevd,,0.2,0.1,0.5,0,0.99999,0.5,1,1,1,0.99999,0,0,0,0,1.0E-5,1.23E-5,0.003560316,0,0,"false,e,e,living-chance,0.05
false,f,of,hide,0.05","false,f,e,go-forward,0.1
false,f,e,set-heading-random,0.05
false,f25,f15,move-toward,0.9
false,f25,f15,hide,-1
false,f35,f25,move-toward,0.9
false,f35,f25,hide,-1
false,f45,f35,move-toward,0.9
false,f45,f35,hide,-1
false,f65,f45,move-toward,0.9
false,f65,f45,hide,-1
false,f75,f65,move-toward,0.9
false,f75,f65,hide,-1
false,f85,f75,move-toward,0.9
false,f85,f75,hide,-1
false,f95,f85,move-toward,0.9
false,f95,f85,hide,-1",nobody
anima1s,1126146,,85,0,88,47.85714285714286," ",9.9,circle323,false,0.99999,1,up,female,adult,cycling,1191765,true,false,false,false,1,0.99999,0.7,1000000,cyszjkxkkz,azdrtklevd,,0.2,0.1,0.5,0,0.99999,0.5,1,1,1,0.99999,0,0,0,0,1.0E-5,1.23E-5,0.003560316,0,0,"false,e,e,living-chance,0.05
false,f,of,hide,0.05","false,f,e,go-forward,0.1
false,f,e,set-heading-random,0.05
false,f25,f15,move-toward,0.9
false,f25,f15,hide,-1
false,f35,f25,move-toward,0.9
false,f35,f25,hide,-1
false,f45,f35,move-toward,0.9
false,f45,f35,hide,-1
false,f65,f45,move-toward,0.9
false,f65,f45,hide,-1
false,f75,f65,move-toward,0.9
false,f75,f65,hide,-1
false,f85,f75,move-toward,0.9
false,f85,f75,hide,-1
false,f95,f85,move-toward,0.9
false,f95,f85,hide,-1",nobody
anima1s,8636548,,25,0,22,56.42857142857143," ",9.9,circle323,false,0.99999,1,up,female,adult,cycling,916745,true,false,false,false,1,0.99999,0.7,1000000,amsztbxkvz,czxrjkfekp,,0.2,0.1,0.5,0,0.99999,0.5,1,1,1,0.99999,0,0,0,0,1.21E-5,9.99E-6,0.011077159,0,0,"false,e,e,living-chance,0.05
false,f,of,hide,0.05","false,f,e,go-forward,0.1
false,f,e,set-heading-random,0.05
false,f25,f15,move-toward,0.9
false,f25,f15,hide,-1
false,f35,f25,move-toward,0.9
false,f35,f25,hide,-1
false,f45,f35,move-toward,0.9
false,f45,f35,hide,-1
false,f65,f45,move-toward,0.9
false,f65,f45,hide,-1
false,f75,f65,move-toward,0.9
false,f75,f65,hide,-1
false,f85,f75,move-toward,0.9
false,f85,f75,hide,-1
false,f95,f85,move-toward,0.9
false,f95,f85,hide,-1",nobody
anima1s,3213041,,125,0,77,42.14285714285714," ",9.9,circle323b,false,0.99999,1,up,female,adult,cycling,1139585,true,false,true,false,1,0.99999,0.7,1000000,cyszjkxkkz,azdrtklevd,,0.2,0.1,0.5,0,0.99999,0.5,1,1,1,0.99999,0,0,0,0,1.0E-5,1.23E-5,0.003560316,0,0,"false,e,e,living-chance,0.05
false,f,of,hide,0.05","false,f,e,go-forward,0.1
false,f,e,set-heading-random,0.05
false,f25,f15,move-toward,0.9
false,f25,f15,hide,-1
false,f35,f25,move-toward,0.9
false,f35,f25,hide,-1
false,f45,f35,move-toward,0.9
false,f45,f35,hide,-1
false,f65,f45,move-toward,0.9
false,f65,f45,hide,-1
false,f75,f65,move-toward,0.9
false,f75,f65,hide,-1
false,f85,f75,move-toward,0.9
false,f85,f75,hide,-1
false,f95,f85,move-toward,0.9
false,f95,f85,hide,-1",nobody
anima1s,1819763,,95,0,44,46.42857142857143," ",9.9,circle323,false,0.99999,1,up,female,adult,cycling,942015,true,false,false,false,1,0.99999,0.7,1000000,cyszjkxkkz,azdrtklevd,,0.2,0.1,0.5,0,0.99999,0.5,1,1,1,0.99999,0,0,0,0,1.0E-5,1.23E-5,0.003560316,0,0,"false,e,e,living-chance,0.05
false,f,of,hide,0.05","false,f,e,go-forward,0.1
false,f,e,set-heading-random,0.05
false,f25,f15,move-toward,0.9
false,f25,f15,hide,-1
false,f35,f25,move-toward,0.9
false,f35,f25,hide,-1
false,f45,f35,move-toward,0.9
false,f45,f35,hide,-1
false,f65,f45,move-toward,0.9
false,f65,f45,hide,-1
false,f75,f65,move-toward,0.9
false,f75,f65,hide,-1
false,f85,f75,move-toward,0.9
false,f85,f75,hide,-1
false,f95,f85,move-toward,0.9
false,f95,f85,hide,-1",nobody
anima1s,8142986,,65,0,11,50.714285714285715," ",9.9,circle323,false,0.99999,1,up,female,adult,cycling,360985,true,false,false,false,1,0.99999,0.7,1000000,cyszjkxkkz,azdrtklevd,,0.2,0.1,0.5,0,0.99999,0.5,1,1,1,0.99999,0,0,0,0,1.0E-5,1.23E-5,0.003560316,0,0,"false,e,e,living-chance,0.05
false,f,of,hide,0.05","false,f,e,go-forward,0.1
false,f,e,set-heading-random,0.05
false,f25,f15,move-toward,0.9
false,f25,f15,hide,-1
false,f35,f25,move-toward,0.9
false,f35,f25,hide,-1
false,f45,f35,move-toward,0.9
false,f45,f35,hide,-1
false,f65,f45,move-toward,0.9
false,f65,f45,hide,-1
false,f75,f65,move-toward,0.9
false,f75,f65,hide,-1
false,f85,f75,move-toward,0.9
false,f85,f75,hide,-1
false,f95,f85,move-toward,0.9
false,f95,f85,hide,-1",nobody
anima1s,3883934,,45,0,44,53.57142857142857," ",9.9,circle323,false,0.99999,1,up,female,adult,cycling,750725,true,false,false,false,1,0.99999,0.7,1000000,cyszjkxkkz,azdrtklevd,,0.2,0.1,0.5,0,0.99999,0.5,1,1,1,0.99999,0,0,0,0,1.0E-5,1.23E-5,0.003560316,0,0,"false,e,e,living-chance,0.05
false,f,of,hide,0.05","false,f,e,go-forward,0.1
false,f,e,set-heading-random,0.05
false,f25,f15,move-toward,0.9
false,f25,f15,hide,-1
false,f35,f25,move-toward,0.9
false,f35,f25,hide,-1
false,f45,f35,move-toward,0.9
false,f45,f35,hide,-1
false,f65,f45,move-toward,0.9
false,f65,f45,hide,-1
false,f75,f65,move-toward,0.9
false,f75,f65,hide,-1
false,f85,f75,move-toward,0.9
false,f85,f75,hide,-1
false,f95,f85,move-toward,0.9
false,f95,f85,hide,-1",nobody
anima1s,1377629,,45,0,55,53.57142857142857," ",9.9,circle323,false,0.99999,1,up,female,adult,cycling,643345,true,false,false,false,1,0.99999,0.7,1000000,wzxzykadyu,amdltbyukz,,0.2,0.1,0.5,0,0.99999,0.5,1,1,1,0.99999,0,0,0,0,1.32E-5,1.08E-4,0.025021047,0,0,"false,e,e,living-chance,0.05
false,f,of,hide,0.05","false,f,e,go-forward,0.1
false,f,e,set-heading-random,0.05
false,f25,f15,move-toward,0.9
false,f25,f15,hide,-1
false,f35,f25,move-toward,0.9
false,f35,f25,hide,-1
false,f45,f35,move-toward,0.9
false,f45,f35,hide,-1
false,f65,f45,move-toward,0.9
false,f65,f45,hide,-1
false,f75,f65,move-toward,0.9
false,f75,f65,hide,-1
false,f85,f75,move-toward,0.9
false,f85,f75,hide,-1
false,f95,f85,move-toward,0.9
false,f95,f85,hide,-1",nobody
anima1s,2645943,,85,0,88,47.85714285714286," ",9.9,circle323,false,0.99999,1,up,female,adult,cycling,662705,true,false,false,false,1,0.99999,0.7,1000000,cyszjkxkkz,azdrtklevd,,0.2,0.1,0.5,0,0.99999,0.5,1,1,1,0.99999,0,0,0,0,1.0E-5,1.23E-5,0.003560316,0,0,"false,e,e,living-chance,0.05
false,f,of,hide,0.05","false,f,e,go-forward,0.1
false,f,e,set-heading-random,0.05
false,f25,f15,move-toward,0.9
false,f25,f15,hide,-1
false,f35,f25,move-toward,0.9
false,f35,f25,hide,-1
false,f45,f35,move-toward,0.9
false,f45,f35,hide,-1
false,f65,f45,move-toward,0.9
false,f65,f45,hide,-1
false,f75,f65,move-toward,0.9
false,f75,f65,hide,-1
false,f85,f75,move-toward,0.9
false,f85,f75,hide,-1
false,f95,f85,move-toward,0.9
false,f95,f85,hide,-1",nobody
anima1s,8172889,,65,0,55,50.714285714285715," ",9.9,circle323,false,0.99999,1,up,female,adult,cycling,914685,true,false,false,false,1,0.99999,0.7,1000000,cyszjkxkkz,azdrtklevd,,0.2,0.1,0.5,0,0.99999,0.5,1,1,1,0.99999,0,0,0,0,1.0E-5,1.23E-5,0.003560316,0,0,"false,e,e,living-chance,0.05
false,f,of,hide,0.05","false,f,e,go-forward,0.1
false,f,e,set-heading-random,0.05
false,f25,f15,move-toward,0.9
false,f25,f15,hide,-1
false,f35,f25,move-toward,0.9
false,f35,f25,hide,-1
false,f45,f35,move-toward,0.9
false,f45,f35,hide,-1
false,f65,f45,move-toward,0.9
false,f65,f45,hide,-1
false,f75,f65,move-toward,0.9
false,f75,f65,hide,-1
false,f85,f75,move-toward,0.9
false,f85,f75,hide,-1
false,f95,f85,move-toward,0.9
false,f95,f85,hide,-1",nobody
anima1s,662714,,95,0,66,46.42857142857143," ",9.9,circle323,false,0.99999,1,up,female,adult,cycling,907015,true,false,false,false,1,0.99999,0.7,1000000,cyszjkxkkz,azdrtklevd,,0.2,0.1,0.5,0,0.99999,0.5,1,1,1,0.99999,0,0,0,0,1.0E-5,1.23E-5,0.003560316,0,0,"false,e,e,living-chance,0.05
false,f,of,hide,0.05","false,f,e,go-forward,0.1
false,f,e,set-heading-random,0.05
false,f25,f15,move-toward,0.9
false,f25,f15,hide,-1
false,f35,f25,move-toward,0.9
false,f35,f25,hide,-1
false,f45,f35,move-toward,0.9
false,f45,f35,hide,-1
false,f65,f45,move-toward,0.9
false,f65,f45,hide,-1
false,f75,f65,move-toward,0.9
false,f75,f65,hide,-1
false,f85,f75,move-toward,0.9
false,f85,f75,hide,-1
false,f95,f85,move-toward,0.9
false,f95,f85,hide,-1",nobody
anima1s,9370911,,115,0,22,43.57142857142857," ",9.9,circle323,false,0.99999,1,up,female,adult,cycling,874695,true,false,false,false,1,0.99999,0.7,1000000,wzxzykadyu,amdltbyukz,,0.2,0.1,0.5,0,0.99999,0.5,1,1,1,0.99999,0,0,0,0,1.32E-5,1.08E-4,0.025021047,0,0,"false,e,e,living-chance,0.05
false,f,of,hide,0.05","false,f,e,go-forward,0.1
false,f,e,set-heading-random,0.05
false,f25,f15,move-toward,0.9
false,f25,f15,hide,-1
false,f35,f25,move-toward,0.9
false,f35,f25,hide,-1
false,f45,f35,move-toward,0.9
false,f45,f35,hide,-1
false,f65,f45,move-toward,0.9
false,f65,f45,hide,-1
false,f75,f65,move-toward,0.9
false,f75,f65,hide,-1
false,f85,f75,move-toward,0.9
false,f85,f75,hide,-1
false,f95,f85,move-toward,0.9
false,f95,f85,hide,-1",nobody
anima1s,9516148,,115,0,22,43.57142857142857," ",9.9,circle323,false,0.99999,1,up,female,adult,cycling,876795,true,false,false,false,1,0.99999,0.7,1000000,wzxzykadyu,amdltbyukz,,0.2,0.1,0.5,0,0.99999,0.5,1,1,1,0.99999,0,0,0,0,1.32E-5,1.08E-4,0.025021047,0,0,"false,e,e,living-chance,0.05
false,f,of,hide,0.05","false,f,e,go-forward,0.1
false,f,e,set-heading-random,0.05
false,f25,f15,move-toward,0.9
false,f25,f15,hide,-1
false,f35,f25,move-toward,0.9
false,f35,f25,hide,-1
false,f45,f35,move-toward,0.9
false,f45,f35,hide,-1
false,f65,f45,move-toward,0.9
false,f65,f45,hide,-1
false,f75,f65,move-toward,0.9
false,f75,f65,hide,-1
false,f85,f75,move-toward,0.9
false,f85,f75,hide,-1
false,f95,f85,move-toward,0.9
false,f95,f85,hide,-1",nobody
anima1s,306910,,75,0,88,49.285714285714285," ",9.9,circle323,false,0.99999,1,up,female,adult,cycling,1094875,true,false,false,false,1,0.99999,0.7,1000000,amsztbxkvz,czxrjkfekp,,0.2,0.1,0.5,0,0.99999,0.5,1,1,1,0.99999,0,0,0,0,1.21E-5,9.99E-6,0.011077159,0,0,"false,e,e,living-chance,0.05
false,f,of,hide,0.05","false,f,e,go-forward,0.1
false,f,e,set-heading-random,0.05
false,f25,f15,move-toward,0.9
false,f25,f15,hide,-1
false,f35,f25,move-toward,0.9
false,f35,f25,hide,-1
false,f45,f35,move-toward,0.9
false,f45,f35,hide,-1
false,f65,f45,move-toward,0.9
false,f65,f45,hide,-1
false,f75,f65,move-toward,0.9
false,f75,f65,hide,-1
false,f85,f75,move-toward,0.9
false,f85,f75,hide,-1
false,f95,f85,move-toward,0.9
false,f95,f85,hide,-1",nobody
anima1s,540164,,15,0,22,57.857142857142854," ",9.9,circle323,false,0.99999,1,up,female,adult,cycling,827135,true,false,false,false,1,0.99999,0.7,1000000,cyszjkxkkz,azdrtklevd,,0.2,0.1,0.5,0,0.99999,0.5,1,1,1,0.99999,0,0,0,0,1.0E-5,1.23E-5,0.003560316,0,0,"false,e,e,living-chance,0.05
false,f,of,hide,0.05","false,f,e,go-forward,0.1
false,f,e,set-heading-random,0.05
false,f25,f15,move-toward,0.9
false,f25,f15,hide,-1
false,f35,f25,move-toward,0.9
false,f35,f25,hide,-1
false,f45,f35,move-toward,0.9
false,f45,f35,hide,-1
false,f65,f45,move-toward,0.9
false,f65,f45,hide,-1
false,f75,f65,move-toward,0.9
false,f75,f65,hide,-1
false,f85,f75,move-toward,0.9
false,f85,f75,hide,-1
false,f95,f85,move-toward,0.9
false,f95,f85,hide,-1",nobody
anima1s,9988676,,65,0,44,50.714285714285715," ",9.9,circle323,false,0.99999,1,up,female,adult,cycling,9883085,true,false,false,false,1,0.99999,0.7,1000000,wzxzykadyu,amdltbyukz,,0.2,0.1,0.5,0,0.99999,0.5,1,1,1,0.99999,0,0,0,0,1.32E-5,1.08E-4,0.025021047,0,0,"false,e,e,living-chance,0.05
false,f,of,hide,0.05","false,f,e,go-forward,0.1
false,f,e,set-heading-random,0.05
false,f25,f15,move-toward,0.9
false,f25,f15,hide,-1
false,f35,f25,move-toward,0.9
false,f35,f25,hide,-1
false,f45,f35,move-toward,0.9
false,f45,f35,hide,-1
false,f65,f45,move-toward,0.9
false,f65,f45,hide,-1
false,f75,f65,move-toward,0.9
false,f75,f65,hide,-1
false,f85,f75,move-toward,0.9
false,f85,f75,hide,-1
false,f95,f85,move-toward,0.9
false,f95,f85,hide,-1",nobody
anima1s,2250614,,85,0,55,47.85714285714286," ",9.9,circle323,false,0.99999,1,up,female,adult,cycling,1208145,true,false,false,false,1,0.99999,0.7,1000000,cyszjkxkkz,azdrtklevd,,0.2,0.1,0.5,0,0.99999,0.5,1,1,1,0.99999,0,0,0,0,1.0E-5,1.23E-5,0.003560316,0,0,"false,e,e,living-chance,0.05
false,f,of,hide,0.05","false,f,e,go-forward,0.1
false,f,e,set-heading-random,0.05
false,f25,f15,move-toward,0.9
false,f25,f15,hide,-1
false,f35,f25,move-toward,0.9
false,f35,f25,hide,-1
false,f45,f35,move-toward,0.9
false,f45,f35,hide,-1
false,f65,f45,move-toward,0.9
false,f65,f45,hide,-1
false,f75,f65,move-toward,0.9
false,f75,f65,hide,-1
false,f85,f75,move-toward,0.9
false,f85,f75,hide,-1
false,f95,f85,move-toward,0.9
false,f95,f85,hide,-1",nobody
anima1s,7256260,,25,0,33,56.42857142857143," ",9.9,circle323,false,0.99999,1,up,female,adult,cycling,562825,true,false,false,false,1,0.99999,0.7,1000000,cyszjkxkkz,azdrtklevd,,0.2,0.1,0.5,0,0.99999,0.5,1,1,1,0.99999,0,0,0,0,1.0E-5,1.23E-5,0.003560316,0,0,"false,e,e,living-chance,0.05
false,f,of,hide,0.05","false,f,e,go-forward,0.1
false,f,e,set-heading-random,0.05
false,f25,f15,move-toward,0.9
false,f25,f15,hide,-1
false,f35,f25,move-toward,0.9
false,f35,f25,hide,-1
false,f45,f35,move-toward,0.9
false,f45,f35,hide,-1
false,f65,f45,move-toward,0.9
false,f65,f45,hide,-1
false,f75,f65,move-toward,0.9
false,f75,f65,hide,-1
false,f85,f75,move-toward,0.9
false,f85,f75,hide,-1
false,f95,f85,move-toward,0.9
false,f95,f85,hide,-1",nobody
anima1s,3726589,,15,0,55,57.857142857142854," ",9.9,circle323,false,0.99999,1,up,female,adult,cycling,1125195,true,false,false,false,1,0.99999,0.7,1000000,cyszjkxkkz,azdrtklevd,,0.2,0.1,0.5,0,0.99999,0.5,1,1,1,0.99999,0,0,0,0,1.0E-5,1.23E-5,0.003560316,0,0,"false,e,e,living-chance,0.05
false,f,of,hide,0.05","false,f,e,go-forward,0.1
false,f,e,set-heading-random,0.05
false,f25,f15,move-toward,0.9
false,f25,f15,hide,-1
false,f35,f25,move-toward,0.9
false,f35,f25,hide,-1
false,f45,f35,move-toward,0.9
false,f45,f35,hide,-1
false,f65,f45,move-toward,0.9
false,f65,f45,hide,-1
false,f75,f65,move-toward,0.9
false,f75,f65,hide,-1
false,f85,f75,move-toward,0.9
false,f85,f75,hide,-1
false,f95,f85,move-toward,0.9
false,f95,f85,hide,-1",nobody
anima1s,2530462,,85,0,66,47.85714285714286," ",9.9,circle323,false,0.99999,1,up,female,adult,cycling,109145,true,false,false,false,1,0.99999,0.7,1000000,amsztbxkvz,czxrjkfekp,,0.2,0.1,0.5,0,0.99999,0.5,1,1,1,0.99999,0,0,0,0,1.21E-5,9.99E-6,0.011077159,0,0,"false,e,e,living-chance,0.05
false,f,of,hide,0.05","false,f,e,go-forward,0.1
false,f,e,set-heading-random,0.05
false,f25,f15,move-toward,0.9
false,f25,f15,hide,-1
false,f35,f25,move-toward,0.9
false,f35,f25,hide,-1
false,f45,f35,move-toward,0.9
false,f45,f35,hide,-1
false,f65,f45,move-toward,0.9
false,f65,f45,hide,-1
false,f75,f65,move-toward,0.9
false,f75,f65,hide,-1
false,f85,f75,move-toward,0.9
false,f85,f75,hide,-1
false,f95,f85,move-toward,0.9
false,f95,f85,hide,-1",nobody
anima1s,5214054,,115,0,44,43.57142857142857," ",9.9,circle323,false,0.99999,1,up,female,adult,cycling,1064535,true,false,false,false,1,0.99999,0.7,1000000,wzxzykadyu,amdltbyukz,,0.2,0.1,0.5,0,0.99999,0.5,1,1,1,0.99999,0,0,0,0,1.32E-5,1.08E-4,0.025021047,0,0,"false,e,e,living-chance,0.05
false,f,of,hide,0.05","false,f,e,go-forward,0.1
false,f,e,set-heading-random,0.05
false,f25,f15,move-toward,0.9
false,f25,f15,hide,-1
false,f35,f25,move-toward,0.9
false,f35,f25,hide,-1
false,f45,f35,move-toward,0.9
false,f45,f35,hide,-1
false,f65,f45,move-toward,0.9
false,f65,f45,hide,-1
false,f75,f65,move-toward,0.9
false,f75,f65,hide,-1
false,f85,f75,move-toward,0.9
false,f85,f75,hide,-1
false,f95,f85,move-toward,0.9
false,f95,f85,hide,-1",nobody
anima1s,6249710,,125,0,66,42.14285714285714," ",9.9,circle323,false,0.99999,1,up,female,adult,cycling,732885,true,false,false,false,1,0.99999,0.7,1000000,amsztbxkvz,czxrjkfekp,,0.2,0.1,0.5,0,0.99999,0.5,1,1,1,0.99999,0,0,0,0,1.21E-5,9.99E-6,0.011077159,0,0,"false,e,e,living-chance,0.05
false,f,of,hide,0.05","false,f,e,go-forward,0.1
false,f,e,set-heading-random,0.05
false,f25,f15,move-toward,0.9
false,f25,f15,hide,-1
false,f35,f25,move-toward,0.9
false,f35,f25,hide,-1
false,f45,f35,move-toward,0.9
false,f45,f35,hide,-1
false,f65,f45,move-toward,0.9
false,f65,f45,hide,-1
false,f75,f65,move-toward,0.9
false,f75,f65,hide,-1
false,f85,f75,move-toward,0.9
false,f85,f75,hide,-1
false,f95,f85,move-toward,0.9
false,f95,f85,hide,-1",nobody
anima1s,603464,,5,0,55,59.285714285714285," ",9.9,circle323,false,0.99999,1,up,female,adult,cycling,445065,true,false,false,false,1,0.99999,0.7,1000000,cyszjkxkkz,azdrtklevd,,0.2,0.1,0.5,0,0.99999,0.5,1,1,1,0.99999,0,0,0,0,1.0E-5,1.23E-5,0.003560316,0,0,"false,e,e,living-chance,0.05
false,f,of,hide,0.05","false,f,e,go-forward,0.1
false,f,e,set-heading-random,0.05
false,f25,f15,move-toward,0.9
false,f25,f15,hide,-1
false,f35,f25,move-toward,0.9
false,f35,f25,hide,-1
false,f45,f35,move-toward,0.9
false,f45,f35,hide,-1
false,f65,f45,move-toward,0.9
false,f65,f45,hide,-1
false,f75,f65,move-toward,0.9
false,f75,f65,hide,-1
false,f85,f75,move-toward,0.9
false,f85,f75,hide,-1
false,f95,f85,move-toward,0.9
false,f95,f85,hide,-1",nobody
anima1s,1270984,,15,0,88,57.857142857142854," ",9.9,circle323,false,0.99999,1,up,female,adult,cycling,1049315,true,false,false,false,1,0.99999,0.7,1000000,cyszjkxkkz,azdrtklevd,,0.2,0.1,0.5,0,0.99999,0.5,1,1,1,0.99999,0,0,0,0,1.0E-5,1.23E-5,0.003560316,0,0,"false,e,e,living-chance,0.05
false,f,of,hide,0.05","false,f,e,go-forward,0.1
false,f,e,set-heading-random,0.05
false,f25,f15,move-toward,0.9
false,f25,f15,hide,-1
false,f35,f25,move-toward,0.9
false,f35,f25,hide,-1
false,f45,f35,move-toward,0.9
false,f45,f35,hide,-1
false,f65,f45,move-toward,0.9
false,f65,f45,hide,-1
false,f75,f65,move-toward,0.9
false,f75,f65,hide,-1
false,f85,f75,move-toward,0.9
false,f85,f75,hide,-1
false,f95,f85,move-toward,0.9
false,f95,f85,hide,-1",nobody
anima1s,3492726,,15,0,55,57.857142857142854," ",9.9,circle323,false,0.99999,1,up,female,adult,cycling,1210035,true,false,false,false,1,0.99999,0.7,1000000,amsztbxkvz,czxrjkfekp,,0.2,0.1,0.5,0,0.99999,0.5,1,1,1,0.99999,0,0,0,0,1.21E-5,9.99E-6,0.011077159,0,0,"false,e,e,living-chance,0.05
false,f,of,hide,0.05","false,f,e,go-forward,0.1
false,f,e,set-heading-random,0.05
false,f25,f15,move-toward,0.9
false,f25,f15,hide,-1
false,f35,f25,move-toward,0.9
false,f35,f25,hide,-1
false,f45,f35,move-toward,0.9
false,f45,f35,hide,-1
false,f65,f45,move-toward,0.9
false,f65,f45,hide,-1
false,f75,f65,move-toward,0.9
false,f75,f65,hide,-1
false,f85,f75,move-toward,0.9
false,f85,f75,hide,-1
false,f95,f85,move-toward,0.9
false,f95,f85,hide,-1",nobody
anima1s,6280133,,125,0,33,42.14285714285714," ",9.9,circle323,false,0.99999,1,up,female,adult,cycling,309385,true,false,false,false,1,0.99999,0.7,1000000,cyszjkxkkz,azdrtklevd,,0.2,0.1,0.5,0,0.99999,0.5,1,1,1,0.99999,0,0,0,0,1.0E-5,1.23E-5,0.003560316,0,0,"false,e,e,living-chance,0.05
false,f,of,hide,0.05","false,f,e,go-forward,0.1
false,f,e,set-heading-random,0.05
false,f25,f15,move-toward,0.9
false,f25,f15,hide,-1
false,f35,f25,move-toward,0.9
false,f35,f25,hide,-1
false,f45,f35,move-toward,0.9
false,f45,f35,hide,-1
false,f65,f45,move-toward,0.9
false,f65,f45,hide,-1
false,f75,f65,move-toward,0.9
false,f75,f65,hide,-1
false,f85,f75,move-toward,0.9
false,f85,f75,hide,-1
false,f95,f85,move-toward,0.9
false,f95,f85,hide,-1",nobody
anima1s,3976804,,135,0,22,40.714285714285715," ",9.9,circle323,false,0.99999,1,up,female,adult,cycling,911955,true,false,false,false,1,0.99999,0.7,1000000,cyszjkxkkz,azdrtklevd,,0.2,0.1,0.5,0,0.99999,0.5,1,1,1,0.99999,0,0,0,0,1.0E-5,1.23E-5,0.003560316,0,0,"false,e,e,living-chance,0.05
false,f,of,hide,0.05","false,f,e,go-forward,0.1
false,f,e,set-heading-random,0.05
false,f25,f15,move-toward,0.9
false,f25,f15,hide,-1
false,f35,f25,move-toward,0.9
false,f35,f25,hide,-1
false,f45,f35,move-toward,0.9
false,f45,f35,hide,-1
false,f65,f45,move-toward,0.9
false,f65,f45,hide,-1
false,f75,f65,move-toward,0.9
false,f75,f65,hide,-1
false,f85,f75,move-toward,0.9
false,f85,f75,hide,-1
false,f95,f85,move-toward,0.9
false,f95,f85,hide,-1",nobody
anima1s,6314802,,125,0,11,42.14285714285714," ",9.9,circle323,false,0.99999,1,up,female,adult,cycling,1382345,true,false,false,false,1,0.99999,0.7,1000000,wzxzykadyu,amdltbyukz,,0.2,0.1,0.5,0,0.99999,0.5,1,1,1,0.99999,0,0,0,0,1.32E-5,1.08E-4,0.025021047,0,0,"false,e,e,living-chance,0.05
false,f,of,hide,0.05","false,f,e,go-forward,0.1
false,f,e,set-heading-random,0.05
false,f25,f15,move-toward,0.9
false,f25,f15,hide,-1
false,f35,f25,move-toward,0.9
false,f35,f25,hide,-1
false,f45,f35,move-toward,0.9
false,f45,f35,hide,-1
false,f65,f45,move-toward,0.9
false,f65,f45,hide,-1
false,f75,f65,move-toward,0.9
false,f75,f65,hide,-1
false,f85,f75,move-toward,0.9
false,f85,f75,hide,-1
false,f95,f85,move-toward,0.9
false,f95,f85,hide,-1",nobody
anima1s,5197135,,15,0,11,57.857142857142854," ",9.9,circle323,false,0.99999,1,up,female,adult,cycling,1302295,true,false,false,false,1,0.99999,0.7,1000000,cyszjkxkkz,azdrtklevd,,0.2,0.1,0.5,0,0.99999,0.5,1,1,1,0.99999,0,0,0,0,1.0E-5,1.23E-5,0.003560316,0,0,"false,e,e,living-chance,0.05
false,f,of,hide,0.05","false,f,e,go-forward,0.1
false,f,e,set-heading-random,0.05
false,f25,f15,move-toward,0.9
false,f25,f15,hide,-1
false,f35,f25,move-toward,0.9
false,f35,f25,hide,-1
false,f45,f35,move-toward,0.9
false,f45,f35,hide,-1
false,f65,f45,move-toward,0.9
false,f65,f45,hide,-1
false,f75,f65,move-toward,0.9
false,f75,f65,hide,-1
false,f85,f75,move-toward,0.9
false,f85,f75,hide,-1
false,f95,f85,move-toward,0.9
false,f95,f85,hide,-1",nobody
anima1s,8009136,,85,0,11,47.85714285714286," ",9.9,circle323,false,0.99999,1,up,female,adult,cycling,655425,true,false,false,false,1,0.99999,0.7,1000000,amsztbxkvz,czxrjkfekp,,0.2,0.1,0.5,0,0.99999,0.5,1,1,1,0.99999,0,0,0,0,1.21E-5,9.99E-6,0.011077159,0,0,"false,e,e,living-chance,0.05
false,f,of,hide,0.05","false,f,e,go-forward,0.1
false,f,e,set-heading-random,0.05
false,f25,f15,move-toward,0.9
false,f25,f15,hide,-1
false,f35,f25,move-toward,0.9
false,f35,f25,hide,-1
false,f45,f35,move-toward,0.9
false,f45,f35,hide,-1
false,f65,f45,move-toward,0.9
false,f65,f45,hide,-1
false,f75,f65,move-toward,0.9
false,f75,f65,hide,-1
false,f85,f75,move-toward,0.9
false,f85,f75,hide,-1
false,f95,f85,move-toward,0.9
false,f95,f85,hide,-1",nobody
anima1s,6041613,,95,0,77,46.42857142857143," ",9.9,circle323,false,0.99999,1,up,female,adult,cycling,195955,true,false,false,false,1,0.99999,0.7,1000000,cyszjkxkkz,azdrtklevd,,0.2,0.1,0.5,0,0.99999,0.5,1,1,1,0.99999,0,0,0,0,1.0E-5,1.23E-5,0.003560316,0,0,"false,e,e,living-chance,0.05
false,f,of,hide,0.05","false,f,e,go-forward,0.1
false,f,e,set-heading-random,0.05
false,f25,f15,move-toward,0.9
false,f25,f15,hide,-1
false,f35,f25,move-toward,0.9
false,f35,f25,hide,-1
false,f45,f35,move-toward,0.9
false,f45,f35,hide,-1
false,f65,f45,move-toward,0.9
false,f65,f45,hide,-1
false,f75,f65,move-toward,0.9
false,f75,f65,hide,-1
false,f85,f75,move-toward,0.9
false,f85,f75,hide,-1
false,f95,f85,move-toward,0.9
false,f95,f85,hide,-1",nobody
anima1s,5461746,,65,0,44,50.714285714285715," ",9.9,circle323,false,0.99999,1,up,female,adult,cycling,12430525,true,false,false,false,1,0.99999,0.7,1000000,amsztbxkvz,czxrjkfekp,,0.2,0.1,0.5,0,0.99999,0.5,1,1,1,0.99999,0,0,0,0,1.21E-5,9.99E-6,0.011077159,0,0,"false,e,e,living-chance,0.05
false,f,of,hide,0.05","false,f,e,go-forward,0.1
false,f,e,set-heading-random,0.05
false,f25,f15,move-toward,0.9
false,f25,f15,hide,-1
false,f35,f25,move-toward,0.9
false,f35,f25,hide,-1
false,f45,f35,move-toward,0.9
false,f45,f35,hide,-1
false,f65,f45,move-toward,0.9
false,f65,f45,hide,-1
false,f75,f65,move-toward,0.9
false,f75,f65,hide,-1
false,f85,f75,move-toward,0.9
false,f85,f75,hide,-1
false,f95,f85,move-toward,0.9
false,f95,f85,hide,-1",nobody
anima1s,1605070,,65,0,11,50.714285714285715," ",9.9,circle323,false,0.99999,1,up,female,adult,cycling,11848265,true,false,false,false,1,0.99999,0.7,1000000,amsztbxkvz,czxrjkfekp,,0.2,0.1,0.5,0,0.99999,0.5,1,1,1,0.99999,0,0,0,0,1.21E-5,9.99E-6,0.011077159,0,0,"false,e,e,living-chance,0.05
false,f,of,hide,0.05","false,f,e,go-forward,0.1
false,f,e,set-heading-random,0.05
false,f25,f15,move-toward,0.9
false,f25,f15,hide,-1
false,f35,f25,move-toward,0.9
false,f35,f25,hide,-1
false,f45,f35,move-toward,0.9
false,f45,f35,hide,-1
false,f65,f45,move-toward,0.9
false,f65,f45,hide,-1
false,f75,f65,move-toward,0.9
false,f75,f65,hide,-1
false,f85,f75,move-toward,0.9
false,f85,f75,hide,-1
false,f95,f85,move-toward,0.9
false,f95,f85,hide,-1",nobody
anima1s,2323341,,5,0,88,59.285714285714285," ",9.9,circle323,false,0.99999,1,up,female,adult,cycling,433865,true,false,false,false,1,0.99999,0.7,1000000,wzxzykadyu,amdltbyukz,,0.2,0.1,0.5,0,0.99999,0.5,1,1,1,0.99999,0,0,0,0,1.32E-5,1.08E-4,0.025021047,0,0,"false,e,e,living-chance,0.05
false,f,of,hide,0.05","false,f,e,go-forward,0.1
false,f,e,set-heading-random,0.05
false,f25,f15,move-toward,0.9
false,f25,f15,hide,-1
false,f35,f25,move-toward,0.9
false,f35,f25,hide,-1
false,f45,f35,move-toward,0.9
false,f45,f35,hide,-1
false,f65,f45,move-toward,0.9
false,f65,f45,hide,-1
false,f75,f65,move-toward,0.9
false,f75,f65,hide,-1
false,f85,f75,move-toward,0.9
false,f85,f75,hide,-1
false,f95,f85,move-toward,0.9
false,f95,f85,hide,-1",nobody
anima1s,3438660,,135,0,44,40.714285714285715," ",9.9,circle323,false,0.99999,1,up,female,adult,cycling,880035,true,false,false,false,1,0.99999,0.7,1000000,cyszjkxkkz,azdrtklevd,,0.2,0.1,0.5,0,0.99999,0.5,1,1,1,0.99999,0,0,0,0,1.0E-5,1.23E-5,0.003560316,0,0,"false,e,e,living-chance,0.05
false,f,of,hide,0.05","false,f,e,go-forward,0.1
false,f,e,set-heading-random,0.05
false,f25,f15,move-toward,0.9
false,f25,f15,hide,-1
false,f35,f25,move-toward,0.9
false,f35,f25,hide,-1
false,f45,f35,move-toward,0.9
false,f45,f35,hide,-1
false,f65,f45,move-toward,0.9
false,f65,f45,hide,-1
false,f75,f65,move-toward,0.9
false,f75,f65,hide,-1
false,f85,f75,move-toward,0.9
false,f85,f75,hide,-1
false,f95,f85,move-toward,0.9
false,f95,f85,hide,-1",nobody
anima1s,527033,,35,0,77,55," ",9.9,circle323,false,0.99999,1,up,female,adult,cycling,365715,true,false,false,false,1,0.99999,0.7,1000000,amsztbxkvz,czxrjkfekp,,0.2,0.1,0.5,0,0.99999,0.5,1,1,1,0.99999,0,0,0,0,1.21E-5,9.99E-6,0.011077159,0,0,"false,e,e,living-chance,0.05
false,f,of,hide,0.05","false,f,e,go-forward,0.1
false,f,e,set-heading-random,0.05
false,f25,f15,move-toward,0.9
false,f25,f15,hide,-1
false,f35,f25,move-toward,0.9
false,f35,f25,hide,-1
false,f45,f35,move-toward,0.9
false,f45,f35,hide,-1
false,f65,f45,move-toward,0.9
false,f65,f45,hide,-1
false,f75,f65,move-toward,0.9
false,f75,f65,hide,-1
false,f85,f75,move-toward,0.9
false,f85,f75,hide,-1
false,f95,f85,move-toward,0.9
false,f95,f85,hide,-1",nobody
anima1s,5994375,,105,0,22,45," ",9.9,circle323,false,0.99999,1,up,female,adult,cycling,398965,true,false,false,false,1,0.99999,0.7,1000000,amsztbxkvz,czxrjkfekp,,0.2,0.1,0.5,0,0.99999,0.5,1,1,1,0.99999,0,0,0,0,1.21E-5,9.99E-6,0.011077159,0,0,"false,e,e,living-chance,0.05
false,f,of,hide,0.05","false,f,e,go-forward,0.1
false,f,e,set-heading-random,0.05
false,f25,f15,move-toward,0.9
false,f25,f15,hide,-1
false,f35,f25,move-toward,0.9
false,f35,f25,hide,-1
false,f45,f35,move-toward,0.9
false,f45,f35,hide,-1
false,f65,f45,move-toward,0.9
false,f65,f45,hide,-1
false,f75,f65,move-toward,0.9
false,f75,f65,hide,-1
false,f85,f75,move-toward,0.9
false,f85,f75,hide,-1
false,f95,f85,move-toward,0.9
false,f95,f85,hide,-1",nobody
anima1s,4914944,,65,0,44,50.714285714285715," ",9.9,circle323,false,0.99999,1,up,female,adult,cycling,758165,true,false,false,false,1,0.99999,0.7,1000000,amsztbxkvz,czxrjkfekp,,0.2,0.1,0.5,0,0.99999,0.5,1,1,1,0.99999,0,0,0,0,1.21E-5,9.99E-6,0.011077159,0,0,"false,e,e,living-chance,0.05
false,f,of,hide,0.05","false,f,e,go-forward,0.1
false,f,e,set-heading-random,0.05
false,f25,f15,move-toward,0.9
false,f25,f15,hide,-1
false,f35,f25,move-toward,0.9
false,f35,f25,hide,-1
false,f45,f35,move-toward,0.9
false,f45,f35,hide,-1
false,f65,f45,move-toward,0.9
false,f65,f45,hide,-1
false,f75,f65,move-toward,0.9
false,f75,f65,hide,-1
false,f85,f75,move-toward,0.9
false,f85,f75,hide,-1
false,f95,f85,move-toward,0.9
false,f95,f85,hide,-1",nobody
anima1s,2345463,,85,0,77,47.85714285714286," ",9.9,circle323,false,0.99999,1,up,female,adult,cycling,892725,true,false,false,false,1,0.99999,0.7,1000000,wzxzykadyu,amdltbyukz,,0.2,0.1,0.5,0,0.99999,0.5,1,1,1,0.99999,0,0,0,0,1.32E-5,1.08E-4,0.025021047,0,0,"false,e,e,living-chance,0.05
false,f,of,hide,0.05","false,f,e,go-forward,0.1
false,f,e,set-heading-random,0.05
false,f25,f15,move-toward,0.9
false,f25,f15,hide,-1
false,f35,f25,move-toward,0.9
false,f35,f25,hide,-1
false,f45,f35,move-toward,0.9
false,f45,f35,hide,-1
false,f65,f45,move-toward,0.9
false,f65,f45,hide,-1
false,f75,f65,move-toward,0.9
false,f75,f65,hide,-1
false,f85,f75,move-toward,0.9
false,f85,f75,hide,-1
false,f95,f85,move-toward,0.9
false,f95,f85,hide,-1",nobody
anima1s,5724192,,15,0,44,57.857142857142854," ",9.9,circle323,false,0.99999,1,up,female,adult,cycling,342875,true,false,false,false,1,0.99999,0.7,1000000,wzxzykadyu,amdltbyukz,,0.2,0.1,0.5,0,0.99999,0.5,1,1,1,0.99999,0,0,0,0,1.32E-5,1.08E-4,0.025021047,0,0,"false,e,e,living-chance,0.05
false,f,of,hide,0.05","false,f,e,go-forward,0.1
false,f,e,set-heading-random,0.05
false,f25,f15,move-toward,0.9
false,f25,f15,hide,-1
false,f35,f25,move-toward,0.9
false,f35,f25,hide,-1
false,f45,f35,move-toward,0.9
false,f45,f35,hide,-1
false,f65,f45,move-toward,0.9
false,f65,f45,hide,-1
false,f75,f65,move-toward,0.9
false,f75,f65,hide,-1
false,f85,f75,move-toward,0.9
false,f85,f75,hide,-1
false,f95,f85,move-toward,0.9
false,f95,f85,hide,-1",nobody
anima1s,6110624,,45,0,44,53.57142857142857," ",9.9,circle323,false,0.99999,1,up,female,adult,cycling,982285,true,false,false,false,1,0.99999,0.7,1000000,cyszjkxkkz,azdrtklevd,,0.2,0.1,0.5,0,0.99999,0.5,1,1,1,0.99999,0,0,0,0,1.0E-5,1.23E-5,0.003560316,0,0,"false,e,e,living-chance,0.05
false,f,of,hide,0.05","false,f,e,go-forward,0.1
false,f,e,set-heading-random,0.05
false,f25,f15,move-toward,0.9
false,f25,f15,hide,-1
false,f35,f25,move-toward,0.9
false,f35,f25,hide,-1
false,f45,f35,move-toward,0.9
false,f45,f35,hide,-1
false,f65,f45,move-toward,0.9
false,f65,f45,hide,-1
false,f75,f65,move-toward,0.9
false,f75,f65,hide,-1
false,f85,f75,move-toward,0.9
false,f85,f75,hide,-1
false,f95,f85,move-toward,0.9
false,f95,f85,hide,-1",nobody
anima1s,8125315,,45,0,33,53.57142857142857," ",9.9,circle323,false,0.99999,1,up,female,adult,cycling,966605,true,false,false,false,1,0.99999,0.7,1000000,cyszjkxkkz,azdrtklevd,,0.2,0.1,0.5,0,0.99999,0.5,1,1,1,0.99999,0,0,0,0,1.0E-5,1.23E-5,0.003560316,0,0,"false,e,e,living-chance,0.05
false,f,of,hide,0.05","false,f,e,go-forward,0.1
false,f,e,set-heading-random,0.05
false,f25,f15,move-toward,0.9
false,f25,f15,hide,-1
false,f35,f25,move-toward,0.9
false,f35,f25,hide,-1
false,f45,f35,move-toward,0.9
false,f45,f35,hide,-1
false,f65,f45,move-toward,0.9
false,f65,f45,hide,-1
false,f75,f65,move-toward,0.9
false,f75,f65,hide,-1
false,f85,f75,move-toward,0.9
false,f85,f75,hide,-1
false,f95,f85,move-toward,0.9
false,f95,f85,hide,-1",nobody
anima1s,9285626,,5,0,11,59.285714285714285," ",9.9,circle323,false,0.99999,1,up,female,adult,cycling,240525,true,false,false,false,1,0.99999,0.7,1000000,amsztbxkvz,czxrjkfekp,,0.2,0.1,0.5,0,0.99999,0.5,1,1,1,0.99999,0,0,0,0,1.21E-5,9.99E-6,0.011077159,0,0,"false,e,e,living-chance,0.05
false,f,of,hide,0.05","false,f,e,go-forward,0.1
false,f,e,set-heading-random,0.05
false,f25,f15,move-toward,0.9
false,f25,f15,hide,-1
false,f35,f25,move-toward,0.9
false,f35,f25,hide,-1
false,f45,f35,move-toward,0.9
false,f45,f35,hide,-1
false,f65,f45,move-toward,0.9
false,f65,f45,hide,-1
false,f75,f65,move-toward,0.9
false,f75,f65,hide,-1
false,f85,f75,move-toward,0.9
false,f85,f75,hide,-1
false,f95,f85,move-toward,0.9
false,f95,f85,hide,-1",nobody
anima1s,2179482,,65,0,33,50.714285714285715," ",9.9,circle323,false,0.99999,1,up,female,adult,cycling,13703825,true,false,false,false,1,0.99999,0.7,1000000,cyszjkxkkz,azdrtklevd,,0.2,0.1,0.5,0,0.99999,0.5,1,1,1,0.99999,0,0,0,0,1.0E-5,1.23E-5,0.003560316,0,0,"false,e,e,living-chance,0.05
false,f,of,hide,0.05","false,f,e,go-forward,0.1
false,f,e,set-heading-random,0.05
false,f25,f15,move-toward,0.9
false,f25,f15,hide,-1
false,f35,f25,move-toward,0.9
false,f35,f25,hide,-1
false,f45,f35,move-toward,0.9
false,f45,f35,hide,-1
false,f65,f45,move-toward,0.9
false,f65,f45,hide,-1
false,f75,f65,move-toward,0.9
false,f75,f65,hide,-1
false,f85,f75,move-toward,0.9
false,f85,f75,hide,-1
false,f95,f85,move-toward,0.9
false,f95,f85,hide,-1",nobody
anima1s,6260240,,65,0,88,50.714285714285715," ",9.9,circle323,false,0.99999,1,up,female,adult,cycling,917625,true,false,false,false,1,0.99999,0.7,1000000,wzxzykadyu,amdltbyukz,,0.2,0.1,0.5,0,0.99999,0.5,1,1,1,0.99999,0,0,0,0,1.32E-5,1.08E-4,0.025021047,0,0,"false,e,e,living-chance,0.05
false,f,of,hide,0.05","false,f,e,go-forward,0.1
false,f,e,set-heading-random,0.05
false,f25,f15,move-toward,0.9
false,f25,f15,hide,-1
false,f35,f25,move-toward,0.9
false,f35,f25,hide,-1
false,f45,f35,move-toward,0.9
false,f45,f35,hide,-1
false,f65,f45,move-toward,0.9
false,f65,f45,hide,-1
false,f75,f65,move-toward,0.9
false,f75,f65,hide,-1
false,f85,f75,move-toward,0.9
false,f85,f75,hide,-1
false,f95,f85,move-toward,0.9
false,f95,f85,hide,-1",nobody
anima1s,1281827,,115,0,33,43.57142857142857," ",9.9,circle323,false,0.99999,1,up,female,adult,cycling,1004195,true,false,false,false,1,0.99999,0.7,1000000,cyszjkxkkz,azdrtklevd,,0.2,0.1,0.5,0,0.99999,0.5,1,1,1,0.99999,0,0,0,0,1.0E-5,1.23E-5,0.003560316,0,0,"false,e,e,living-chance,0.05
false,f,of,hide,0.05","false,f,e,go-forward,0.1
false,f,e,set-heading-random,0.05
false,f25,f15,move-toward,0.9
false,f25,f15,hide,-1
false,f35,f25,move-toward,0.9
false,f35,f25,hide,-1
false,f45,f35,move-toward,0.9
false,f45,f35,hide,-1
false,f65,f45,move-toward,0.9
false,f65,f45,hide,-1
false,f75,f65,move-toward,0.9
false,f75,f65,hide,-1
false,f85,f75,move-toward,0.9
false,f85,f75,hide,-1
false,f95,f85,move-toward,0.9
false,f95,f85,hide,-1",nobody
anima1s,779890,,125,0,33,42.14285714285714," ",9.9,circle323,false,0.99999,1,up,female,adult,cycling,1107385,true,false,false,false,1,0.99999,0.7,1000000,cyszjkxkkz,azdrtklevd,,0.2,0.1,0.5,0,0.99999,0.5,1,1,1,0.99999,0,0,0,0,1.0E-5,1.23E-5,0.003560316,0,0,"false,e,e,living-chance,0.05
false,f,of,hide,0.05","false,f,e,go-forward,0.1
false,f,e,set-heading-random,0.05
false,f25,f15,move-toward,0.9
false,f25,f15,hide,-1
false,f35,f25,move-toward,0.9
false,f35,f25,hide,-1
false,f45,f35,move-toward,0.9
false,f45,f35,hide,-1
false,f65,f45,move-toward,0.9
false,f65,f45,hide,-1
false,f75,f65,move-toward,0.9
false,f75,f65,hide,-1
false,f85,f75,move-toward,0.9
false,f85,f75,hide,-1
false,f95,f85,move-toward,0.9
false,f95,f85,hide,-1",nobody
anima1s,484805,,65,0,77,50.714285714285715," ",9.9,circle323,false,0.99999,1,up,female,adult,cycling,6106025,true,false,false,false,1,0.99999,0.7,1000000,cyszjkxkkz,azdrtklevd,,0.2,0.1,0.5,0,0.99999,0.5,1,1,1,0.99999,0,0,0,0,1.0E-5,1.23E-5,0.003560316,0,0,"false,e,e,living-chance,0.05
false,f,of,hide,0.05","false,f,e,go-forward,0.1
false,f,e,set-heading-random,0.05
false,f25,f15,move-toward,0.9
false,f25,f15,hide,-1
false,f35,f25,move-toward,0.9
false,f35,f25,hide,-1
false,f45,f35,move-toward,0.9
false,f45,f35,hide,-1
false,f65,f45,move-toward,0.9
false,f65,f45,hide,-1
false,f75,f65,move-toward,0.9
false,f75,f65,hide,-1
false,f85,f75,move-toward,0.9
false,f85,f75,hide,-1
false,f95,f85,move-toward,0.9
false,f95,f85,hide,-1",nobody
anima1s,4281257,,85,0,66,47.85714285714286," ",9.9,circle323,false,0.99999,1,up,female,adult,cycling,1219345,true,false,false,false,1,0.99999,0.7,1000000,wzxzykadyu,amdltbyukz,,0.2,0.1,0.5,0,0.99999,0.5,1,1,1,0.99999,0,0,0,0,1.32E-5,1.08E-4,0.025021047,0,0,"false,e,e,living-chance,0.05
false,f,of,hide,0.05","false,f,e,go-forward,0.1
false,f,e,set-heading-random,0.05
false,f25,f15,move-toward,0.9
false,f25,f15,hide,-1
false,f35,f25,move-toward,0.9
false,f35,f25,hide,-1
false,f45,f35,move-toward,0.9
false,f45,f35,hide,-1
false,f65,f45,move-toward,0.9
false,f65,f45,hide,-1
false,f75,f65,move-toward,0.9
false,f75,f65,hide,-1
false,f85,f75,move-toward,0.9
false,f85,f75,hide,-1
false,f95,f85,move-toward,0.9
false,f95,f85,hide,-1",nobody
anima1s,6973117,,85,0,11,47.85714285714286," ",9.9,circle323,false,0.99999,1,up,female,adult,cycling,68685,true,false,false,false,1,0.99999,0.7,1000000,cyszjkxkkz,azdrtklevd,,0.2,0.1,0.5,0,0.99999,0.5,1,1,1,0.99999,0,0,0,0,1.0E-5,1.23E-5,0.003560316,0,0,"false,e,e,living-chance,0.05
false,f,of,hide,0.05","false,f,e,go-forward,0.1
false,f,e,set-heading-random,0.05
false,f25,f15,move-toward,0.9
false,f25,f15,hide,-1
false,f35,f25,move-toward,0.9
false,f35,f25,hide,-1
false,f45,f35,move-toward,0.9
false,f45,f35,hide,-1
false,f65,f45,move-toward,0.9
false,f65,f45,hide,-1
false,f75,f65,move-toward,0.9
false,f75,f65,hide,-1
false,f85,f75,move-toward,0.9
false,f85,f75,hide,-1
false,f95,f85,move-toward,0.9
false,f95,f85,hide,-1",nobody
anima1s,9380173,,125,0,11,42.14285714285714," ",9.9,circle323,false,0.99999,1,up,female,adult,cycling,971305,true,false,false,false,1,0.99999,0.7,1000000,amsztbxkvz,czxrjkfekp,,0.2,0.1,0.5,0,0.99999,0.5,1,1,1,0.99999,0,0,0,0,1.21E-5,9.99E-6,0.011077159,0,0,"false,e,e,living-chance,0.05
false,f,of,hide,0.05","false,f,e,go-forward,0.1
false,f,e,set-heading-random,0.05
false,f25,f15,move-toward,0.9
false,f25,f15,hide,-1
false,f35,f25,move-toward,0.9
false,f35,f25,hide,-1
false,f45,f35,move-toward,0.9
false,f45,f35,hide,-1
false,f65,f45,move-toward,0.9
false,f65,f45,hide,-1
false,f75,f65,move-toward,0.9
false,f75,f65,hide,-1
false,f85,f75,move-toward,0.9
false,f85,f75,hide,-1
false,f95,f85,move-toward,0.9
false,f95,f85,hide,-1",nobody
anima1s,6605097,,95,0,77,46.42857142857143," ",9.9,circle323,false,0.99999,1,up,female,adult,cycling,496955,true,false,false,false,1,0.99999,0.7,1000000,cyszjkxkkz,azdrtklevd,,0.2,0.1,0.5,0,0.99999,0.5,1,1,1,0.99999,0,0,0,0,1.0E-5,1.23E-5,0.003560316,0,0,"false,e,e,living-chance,0.05
false,f,of,hide,0.05","false,f,e,go-forward,0.1
false,f,e,set-heading-random,0.05
false,f25,f15,move-toward,0.9
false,f25,f15,hide,-1
false,f35,f25,move-toward,0.9
false,f35,f25,hide,-1
false,f45,f35,move-toward,0.9
false,f45,f35,hide,-1
false,f65,f45,move-toward,0.9
false,f65,f45,hide,-1
false,f75,f65,move-toward,0.9
false,f75,f65,hide,-1
false,f85,f75,move-toward,0.9
false,f85,f75,hide,-1
false,f95,f85,move-toward,0.9
false,f95,f85,hide,-1",nobody
anima1s,9937648,,95,0,66,46.42857142857143," ",9.9,circle323,false,0.99999,1,up,female,adult,cycling,21095,true,false,false,false,1,0.99999,0.7,1000000,wzxzykadyu,amdltbyukz,,0.2,0.1,0.5,0,0.99999,0.5,1,1,1,0.99999,0,0,0,0,1.32E-5,1.08E-4,0.025021047,0,0,"false,e,e,living-chance,0.05
false,f,of,hide,0.05","false,f,e,go-forward,0.1
false,f,e,set-heading-random,0.05
false,f25,f15,move-toward,0.9
false,f25,f15,hide,-1
false,f35,f25,move-toward,0.9
false,f35,f25,hide,-1
false,f45,f35,move-toward,0.9
false,f45,f35,hide,-1
false,f65,f45,move-toward,0.9
false,f65,f45,hide,-1
false,f75,f65,move-toward,0.9
false,f75,f65,hide,-1
false,f85,f75,move-toward,0.9
false,f85,f75,hide,-1
false,f95,f85,move-toward,0.9
false,f95,f85,hide,-1",nobody
anima1s,469162,,125,0,22,42.14285714285714," ",9.9,circle323,false,0.99999,1,up,female,adult,cycling,1234925,true,false,false,false,1,0.99999,0.7,1000000,wzxzykadyu,amdltbyukz,,0.2,0.1,0.5,0,0.99999,0.5,1,1,1,0.99999,0,0,0,0,1.32E-5,1.08E-4,0.025021047,0,0,"false,e,e,living-chance,0.05
false,f,of,hide,0.05","false,f,e,go-forward,0.1
false,f,e,set-heading-random,0.05
false,f25,f15,move-toward,0.9
false,f25,f15,hide,-1
false,f35,f25,move-toward,0.9
false,f35,f25,hide,-1
false,f45,f35,move-toward,0.9
false,f45,f35,hide,-1
false,f65,f45,move-toward,0.9
false,f65,f45,hide,-1
false,f75,f65,move-toward,0.9
false,f75,f65,hide,-1
false,f85,f75,move-toward,0.9
false,f85,f75,hide,-1
false,f95,f85,move-toward,0.9
false,f95,f85,hide,-1",nobody
anima1s,291496,,105,0,88,45," ",9.9,circle323,false,0.99999,1,up,female,adult,cycling,622965,true,false,false,false,1,0.99999,0.7,1000000,cyszjkxkkz,azdrtklevd,,0.2,0.1,0.5,0,0.99999,0.5,1,1,1,0.99999,0,0,0,0,1.0E-5,1.23E-5,0.003560316,0,0,"false,e,e,living-chance,0.05
false,f,of,hide,0.05","false,f,e,go-forward,0.1
false,f,e,set-heading-random,0.05
false,f25,f15,move-toward,0.9
false,f25,f15,hide,-1
false,f35,f25,move-toward,0.9
false,f35,f25,hide,-1
false,f45,f35,move-toward,0.9
false,f45,f35,hide,-1
false,f65,f45,move-toward,0.9
false,f65,f45,hide,-1
false,f75,f65,move-toward,0.9
false,f75,f65,hide,-1
false,f85,f75,move-toward,0.9
false,f85,f75,hide,-1
false,f95,f85,move-toward,0.9
false,f95,f85,hide,-1",nobody
anima1s,4260248,,115,0,77,43.57142857142857," ",9.9,circle323,false,0.99999,1,up,female,adult,cycling,39875,true,false,false,false,1,0.99999,0.7,1000000,cyszjkxkkz,azdrtklevd,,0.2,0.1,0.5,0,0.99999,0.5,1,1,1,0.99999,0,0,0,0,1.0E-5,1.23E-5,0.003560316,0,0,"false,e,e,living-chance,0.05
false,f,of,hide,0.05","false,f,e,go-forward,0.1
false,f,e,set-heading-random,0.05
false,f25,f15,move-toward,0.9
false,f25,f15,hide,-1
false,f35,f25,move-toward,0.9
false,f35,f25,hide,-1
false,f45,f35,move-toward,0.9
false,f45,f35,hide,-1
false,f65,f45,move-toward,0.9
false,f65,f45,hide,-1
false,f75,f65,move-toward,0.9
false,f75,f65,hide,-1
false,f85,f75,move-toward,0.9
false,f85,f75,hide,-1
false,f95,f85,move-toward,0.9
false,f95,f85,hide,-1",nobody
anima1s,5311073,,65,0,88,50.714285714285715," ",9.9,circle323,false,0.99999,1,up,female,adult,cycling,502105,true,false,false,false,1,0.99999,0.7,1000000,cyszjkxkkz,azdrtklevd,,0.2,0.1,0.5,0,0.99999,0.5,1,1,1,0.99999,0,0,0,0,1.0E-5,1.23E-5,0.003560316,0,0,"false,e,e,living-chance,0.05
false,f,of,hide,0.05","false,f,e,go-forward,0.1
false,f,e,set-heading-random,0.05
false,f25,f15,move-toward,0.9
false,f25,f15,hide,-1
false,f35,f25,move-toward,0.9
false,f35,f25,hide,-1
false,f45,f35,move-toward,0.9
false,f45,f35,hide,-1
false,f65,f45,move-toward,0.9
false,f65,f45,hide,-1
false,f75,f65,move-toward,0.9
false,f75,f65,hide,-1
false,f85,f75,move-toward,0.9
false,f85,f75,hide,-1
false,f95,f85,move-toward,0.9
false,f95,f85,hide,-1",nobody
anima1s,7068554,,65,0,66,50.714285714285715," ",9.9,circle323,false,0.99999,1,up,female,adult,cycling,8166265,true,false,false,false,1,0.99999,0.7,1000000,cyszjkxkkz,azdrtklevd,,0.2,0.1,0.5,0,0.99999,0.5,1,1,1,0.99999,0,0,0,0,1.0E-5,1.23E-5,0.003560316,0,0,"false,e,e,living-chance,0.05
false,f,of,hide,0.05","false,f,e,go-forward,0.1
false,f,e,set-heading-random,0.05
false,f25,f15,move-toward,0.9
false,f25,f15,hide,-1
false,f35,f25,move-toward,0.9
false,f35,f25,hide,-1
false,f45,f35,move-toward,0.9
false,f45,f35,hide,-1
false,f65,f45,move-toward,0.9
false,f65,f45,hide,-1
false,f75,f65,move-toward,0.9
false,f75,f65,hide,-1
false,f85,f75,move-toward,0.9
false,f85,f75,hide,-1
false,f95,f85,move-toward,0.9
false,f95,f85,hide,-1",nobody
anima1s,6970237,,105,0,44,45," ",9.9,circle323,false,0.99999,1,up,female,adult,cycling,324765,true,false,false,false,1,0.99999,0.7,1000000,amsztbxkvz,czxrjkfekp,,0.2,0.1,0.5,0,0.99999,0.5,1,1,1,0.99999,0,0,0,0,1.21E-5,9.99E-6,0.011077159,0,0,"false,e,e,living-chance,0.05
false,f,of,hide,0.05","false,f,e,go-forward,0.1
false,f,e,set-heading-random,0.05
false,f25,f15,move-toward,0.9
false,f25,f15,hide,-1
false,f35,f25,move-toward,0.9
false,f35,f25,hide,-1
false,f45,f35,move-toward,0.9
false,f45,f35,hide,-1
false,f65,f45,move-toward,0.9
false,f65,f45,hide,-1
false,f75,f65,move-toward,0.9
false,f75,f65,hide,-1
false,f85,f75,move-toward,0.9
false,f85,f75,hide,-1
false,f95,f85,move-toward,0.9
false,f95,f85,hide,-1",nobody
anima1s,7690366,,35,0,88,55," ",9.9,circle323,false,0.99999,1,up,female,adult,cycling,112735,true,false,false,false,1,0.99999,0.7,1000000,cyszjkxkkz,azdrtklevd,,0.2,0.1,0.5,0,0.99999,0.5,1,1,1,0.99999,0,0,0,0,1.0E-5,1.23E-5,0.003560316,0,0,"false,e,e,living-chance,0.05
false,f,of,hide,0.05","false,f,e,go-forward,0.1
false,f,e,set-heading-random,0.05
false,f25,f15,move-toward,0.9
false,f25,f15,hide,-1
false,f35,f25,move-toward,0.9
false,f35,f25,hide,-1
false,f45,f35,move-toward,0.9
false,f45,f35,hide,-1
false,f65,f45,move-toward,0.9
false,f65,f45,hide,-1
false,f75,f65,move-toward,0.9
false,f75,f65,hide,-1
false,f85,f75,move-toward,0.9
false,f85,f75,hide,-1
false,f95,f85,move-toward,0.9
false,f95,f85,hide,-1",nobody
anima1s,3170951,,115,0,33,43.57142857142857," ",9.9,circle323,false,0.99999,1,up,female,adult,cycling,666655,true,false,false,false,1,0.99999,0.7,1000000,cyszjkxkkz,azdrtklevd,,0.2,0.1,0.5,0,0.99999,0.5,1,1,1,0.99999,0,0,0,0,1.0E-5,1.23E-5,0.003560316,0,0,"false,e,e,living-chance,0.05
false,f,of,hide,0.05","false,f,e,go-forward,0.1
false,f,e,set-heading-random,0.05
false,f25,f15,move-toward,0.9
false,f25,f15,hide,-1
false,f35,f25,move-toward,0.9
false,f35,f25,hide,-1
false,f45,f35,move-toward,0.9
false,f45,f35,hide,-1
false,f65,f45,move-toward,0.9
false,f65,f45,hide,-1
false,f75,f65,move-toward,0.9
false,f75,f65,hide,-1
false,f85,f75,move-toward,0.9
false,f85,f75,hide,-1
false,f95,f85,move-toward,0.9
false,f95,f85,hide,-1",nobody
anima1s,3084575,,135,0,77,40.714285714285715," ",9.9,circle323,false,0.99999,1,up,female,adult,cycling,30375,true,false,false,false,1,0.99999,0.7,1000000,amsztbxkvz,czxrjkfekp,,0.2,0.1,0.5,0,0.99999,0.5,1,1,1,0.99999,0,0,0,0,1.21E-5,9.99E-6,0.011077159,0,0,"false,e,e,living-chance,0.05
false,f,of,hide,0.05","false,f,e,go-forward,0.1
false,f,e,set-heading-random,0.05
false,f25,f15,move-toward,0.9
false,f25,f15,hide,-1
false,f35,f25,move-toward,0.9
false,f35,f25,hide,-1
false,f45,f35,move-toward,0.9
false,f45,f35,hide,-1
false,f65,f45,move-toward,0.9
false,f65,f45,hide,-1
false,f75,f65,move-toward,0.9
false,f75,f65,hide,-1
false,f85,f75,move-toward,0.9
false,f85,f75,hide,-1
false,f95,f85,move-toward,0.9
false,f95,f85,hide,-1",nobody
anima1s,3779811,,105,0,11,45," ",9.9,circle323,false,0.99999,1,up,female,adult,cycling,213465,true,false,false,false,1,0.99999,0.7,1000000,cyszjkxkkz,azdrtklevd,,0.2,0.1,0.5,0,0.99999,0.5,1,1,1,0.99999,0,0,0,0,1.0E-5,1.23E-5,0.003560316,0,0,"false,e,e,living-chance,0.05
false,f,of,hide,0.05","false,f,e,go-forward,0.1
false,f,e,set-heading-random,0.05
false,f25,f15,move-toward,0.9
false,f25,f15,hide,-1
false,f35,f25,move-toward,0.9
false,f35,f25,hide,-1
false,f45,f35,move-toward,0.9
false,f45,f35,hide,-1
false,f65,f45,move-toward,0.9
false,f65,f45,hide,-1
false,f75,f65,move-toward,0.9
false,f75,f65,hide,-1
false,f85,f75,move-toward,0.9
false,f85,f75,hide,-1
false,f95,f85,move-toward,0.9
false,f95,f85,hide,-1",nobody
anima1s,5492057,,65,0,22,50.714285714285715," ",9.9,circle323,false,0.99999,1,up,female,adult,cycling,536825,true,false,false,false,1,0.99999,0.7,1000000,cyszjkxkkz,azdrtklevd,,0.2,0.1,0.5,0,0.99999,0.5,1,1,1,0.99999,0,0,0,0,1.0E-5,1.23E-5,0.003560316,0,0,"false,e,e,living-chance,0.05
false,f,of,hide,0.05","false,f,e,go-forward,0.1
false,f,e,set-heading-random,0.05
false,f25,f15,move-toward,0.9
false,f25,f15,hide,-1
false,f35,f25,move-toward,0.9
false,f35,f25,hide,-1
false,f45,f35,move-toward,0.9
false,f45,f35,hide,-1
false,f65,f45,move-toward,0.9
false,f65,f45,hide,-1
false,f75,f65,move-toward,0.9
false,f75,f65,hide,-1
false,f85,f75,move-toward,0.9
false,f85,f75,hide,-1
false,f95,f85,move-toward,0.9
false,f95,f85,hide,-1",nobody
anima1s,9220249,,25,0,22,56.42857142857143," ",9.9,circle323,false,0.99999,1,up,female,adult,cycling,862985,true,false,false,false,1,0.99999,0.7,1000000,amsztbxkvz,czxrjkfekp,,0.2,0.1,0.5,0,0.99999,0.5,1,1,1,0.99999,0,0,0,0,1.21E-5,9.99E-6,0.011077159,0,0,"false,e,e,living-chance,0.05
false,f,of,hide,0.05","false,f,e,go-forward,0.1
false,f,e,set-heading-random,0.05
false,f25,f15,move-toward,0.9
false,f25,f15,hide,-1
false,f35,f25,move-toward,0.9
false,f35,f25,hide,-1
false,f45,f35,move-toward,0.9
false,f45,f35,hide,-1
false,f65,f45,move-toward,0.9
false,f65,f45,hide,-1
false,f75,f65,move-toward,0.9
false,f75,f65,hide,-1
false,f85,f75,move-toward,0.9
false,f85,f75,hide,-1
false,f95,f85,move-toward,0.9
false,f95,f85,hide,-1",nobody
anima1s,8889804,,45,0,55,53.57142857142857," ",9.9,circle323,false,0.99999,1,up,female,adult,cycling,345145,true,false,false,false,1,0.99999,0.7,1000000,amsztbxkvz,czxrjkfekp,,0.2,0.1,0.5,0,0.99999,0.5,1,1,1,0.99999,0,0,0,0,1.21E-5,9.99E-6,0.011077159,0,0,"false,e,e,living-chance,0.05
false,f,of,hide,0.05","false,f,e,go-forward,0.1
false,f,e,set-heading-random,0.05
false,f25,f15,move-toward,0.9
false,f25,f15,hide,-1
false,f35,f25,move-toward,0.9
false,f35,f25,hide,-1
false,f45,f35,move-toward,0.9
false,f45,f35,hide,-1
false,f65,f45,move-toward,0.9
false,f65,f45,hide,-1
false,f75,f65,move-toward,0.9
false,f75,f65,hide,-1
false,f85,f75,move-toward,0.9
false,f85,f75,hide,-1
false,f95,f85,move-toward,0.9
false,f95,f85,hide,-1",nobody
anima1s,709584,,75,0,22,49.285714285714285," ",9.9,circle323,false,0.99999,1,up,female,adult,cycling,187115,true,false,false,false,1,0.99999,0.7,1000000,amsztbxkvz,czxrjkfekp,,0.2,0.1,0.5,0,0.99999,0.5,1,1,1,0.99999,0,0,0,0,1.21E-5,9.99E-6,0.011077159,0,0,"false,e,e,living-chance,0.05
false,f,of,hide,0.05","false,f,e,go-forward,0.1
false,f,e,set-heading-random,0.05
false,f25,f15,move-toward,0.9
false,f25,f15,hide,-1
false,f35,f25,move-toward,0.9
false,f35,f25,hide,-1
false,f45,f35,move-toward,0.9
false,f45,f35,hide,-1
false,f65,f45,move-toward,0.9
false,f65,f45,hide,-1
false,f75,f65,move-toward,0.9
false,f75,f65,hide,-1
false,f85,f75,move-toward,0.9
false,f85,f75,hide,-1
false,f95,f85,move-toward,0.9
false,f95,f85,hide,-1",nobody
anima1s,9968655,,35,0,11,55," ",9.9,circle323,false,0.99999,1,up,female,adult,cycling,884555,true,false,false,false,1,0.99999,0.7,1000000,amsztbxkvz,czxrjkfekp,,0.2,0.1,0.5,0,0.99999,0.5,1,1,1,0.99999,0,0,0,0,1.21E-5,9.99E-6,0.011077159,0,0,"false,e,e,living-chance,0.05
false,f,of,hide,0.05","false,f,e,go-forward,0.1
false,f,e,set-heading-random,0.05
false,f25,f15,move-toward,0.9
false,f25,f15,hide,-1
false,f35,f25,move-toward,0.9
false,f35,f25,hide,-1
false,f45,f35,move-toward,0.9
false,f45,f35,hide,-1
false,f65,f45,move-toward,0.9
false,f65,f45,hide,-1
false,f75,f65,move-toward,0.9
false,f75,f65,hide,-1
false,f85,f75,move-toward,0.9
false,f85,f75,hide,-1
false,f95,f85,move-toward,0.9
false,f95,f85,hide,-1",nobody
anima1s,6234291,,95,0,11,46.42857142857143," ",9.9,circle323,false,0.99999,1,up,female,adult,cycling,911355,true,false,false,false,1,0.99999,0.7,1000000,amsztbxkvz,czxrjkfekp,,0.2,0.1,0.5,0,0.99999,0.5,1,1,1,0.99999,0,0,0,0,1.21E-5,9.99E-6,0.011077159,0,0,"false,e,e,living-chance,0.05
false,f,of,hide,0.05","false,f,e,go-forward,0.1
false,f,e,set-heading-random,0.05
false,f25,f15,move-toward,0.9
false,f25,f15,hide,-1
false,f35,f25,move-toward,0.9
false,f35,f25,hide,-1
false,f45,f35,move-toward,0.9
false,f45,f35,hide,-1
false,f65,f45,move-toward,0.9
false,f65,f45,hide,-1
false,f75,f65,move-toward,0.9
false,f75,f65,hide,-1
false,f85,f75,move-toward,0.9
false,f85,f75,hide,-1
false,f95,f85,move-toward,0.9
false,f95,f85,hide,-1",nobody
anima1s,928198,,65,0,77,50.714285714285715," ",9.9,circle323,false,0.99999,1,up,female,adult,cycling,1305705,true,false,false,false,1,0.99999,0.7,1000000,cyszjkxkkz,azdrtklevd,,0.2,0.1,0.5,0,0.99999,0.5,1,1,1,0.99999,0,0,0,0,1.0E-5,1.23E-5,0.003560316,0,0,"false,e,e,living-chance,0.05
false,f,of,hide,0.05","false,f,e,go-forward,0.1
false,f,e,set-heading-random,0.05
false,f25,f15,move-toward,0.9
false,f25,f15,hide,-1
false,f35,f25,move-toward,0.9
false,f35,f25,hide,-1
false,f45,f35,move-toward,0.9
false,f45,f35,hide,-1
false,f65,f45,move-toward,0.9
false,f65,f45,hide,-1
false,f75,f65,move-toward,0.9
false,f75,f65,hide,-1
false,f85,f75,move-toward,0.9
false,f85,f75,hide,-1
false,f95,f85,move-toward,0.9
false,f95,f85,hide,-1",nobody
anima1s,8186016,,25,0,11,56.42857142857143," ",9.9,circle323,false,0.99999,1,up,female,adult,cycling,96485,true,false,false,false,1,0.99999,0.7,1000000,wzxzykadyu,amdltbyukz,,0.2,0.1,0.5,0,0.99999,0.5,1,1,1,0.99999,0,0,0,0,1.32E-5,1.08E-4,0.025021047,0,0,"false,e,e,living-chance,0.05
false,f,of,hide,0.05","false,f,e,go-forward,0.1
false,f,e,set-heading-random,0.05
false,f25,f15,move-toward,0.9
false,f25,f15,hide,-1
false,f35,f25,move-toward,0.9
false,f35,f25,hide,-1
false,f45,f35,move-toward,0.9
false,f45,f35,hide,-1
false,f65,f45,move-toward,0.9
false,f65,f45,hide,-1
false,f75,f65,move-toward,0.9
false,f75,f65,hide,-1
false,f85,f75,move-toward,0.9
false,f85,f75,hide,-1
false,f95,f85,move-toward,0.9
false,f95,f85,hide,-1",nobody
anima1s,3520985,,75,0,88,49.285714285714285," ",9.9,circle323,false,0.99999,1,up,female,adult,cycling,957535,true,false,false,false,1,0.99999,0.7,1000000,wzxzykadyu,amdltbyukz,,0.2,0.1,0.5,0,0.99999,0.5,1,1,1,0.99999,0,0,0,0,1.32E-5,1.08E-4,0.025021047,0,0,"false,e,e,living-chance,0.05
false,f,of,hide,0.05","false,f,e,go-forward,0.1
false,f,e,set-heading-random,0.05
false,f25,f15,move-toward,0.9
false,f25,f15,hide,-1
false,f35,f25,move-toward,0.9
false,f35,f25,hide,-1
false,f45,f35,move-toward,0.9
false,f45,f35,hide,-1
false,f65,f45,move-toward,0.9
false,f65,f45,hide,-1
false,f75,f65,move-toward,0.9
false,f75,f65,hide,-1
false,f85,f75,move-toward,0.9
false,f85,f75,hide,-1
false,f95,f85,move-toward,0.9
false,f95,f85,hide,-1",nobody
anima1s,4418586,,65,0,55,50.714285714285715," ",9.9,circle323,false,0.99999,1,up,female,adult,cycling,10637965,true,false,false,false,1,0.99999,0.7,1000000,wzxzykadyu,amdltbyukz,,0.2,0.1,0.5,0,0.99999,0.5,1,1,1,0.99999,0,0,0,0,1.32E-5,1.08E-4,0.025021047,0,0,"false,e,e,living-chance,0.05
false,f,of,hide,0.05","false,f,e,go-forward,0.1
false,f,e,set-heading-random,0.05
false,f25,f15,move-toward,0.9
false,f25,f15,hide,-1
false,f35,f25,move-toward,0.9
false,f35,f25,hide,-1
false,f45,f35,move-toward,0.9
false,f45,f35,hide,-1
false,f65,f45,move-toward,0.9
false,f65,f45,hide,-1
false,f75,f65,move-toward,0.9
false,f75,f65,hide,-1
false,f85,f75,move-toward,0.9
false,f85,f75,hide,-1
false,f95,f85,move-toward,0.9
false,f95,f85,hide,-1",nobody
anima1s,473650,,65,0,33,50.714285714285715," ",9.9,circle323,false,0.99999,1,up,female,adult,cycling,10287545,true,false,false,false,1,0.99999,0.7,1000000,wzxzykadyu,amdltbyukz,,0.2,0.1,0.5,0,0.99999,0.5,1,1,1,0.99999,0,0,0,0,1.32E-5,1.08E-4,0.025021047,0,0,"false,e,e,living-chance,0.05
false,f,of,hide,0.05","false,f,e,go-forward,0.1
false,f,e,set-heading-random,0.05
false,f25,f15,move-toward,0.9
false,f25,f15,hide,-1
false,f35,f25,move-toward,0.9
false,f35,f25,hide,-1
false,f45,f35,move-toward,0.9
false,f45,f35,hide,-1
false,f65,f45,move-toward,0.9
false,f65,f45,hide,-1
false,f75,f65,move-toward,0.9
false,f75,f65,hide,-1
false,f85,f75,move-toward,0.9
false,f85,f75,hide,-1
false,f95,f85,move-toward,0.9
false,f95,f85,hide,-1",nobody
anima1s,1735978,,35,0,11,55," ",9.9,circle323,false,0.99999,1,up,female,adult,cycling,1316455,true,false,false,false,1,0.99999,0.7,1000000,wzxzykadyu,amdltbyukz,,0.2,0.1,0.5,0,0.99999,0.5,1,1,1,0.99999,0,0,0,0,1.32E-5,1.08E-4,0.025021047,0,0,"false,e,e,living-chance,0.05
false,f,of,hide,0.05","false,f,e,go-forward,0.1
false,f,e,set-heading-random,0.05
false,f25,f15,move-toward,0.9
false,f25,f15,hide,-1
false,f35,f25,move-toward,0.9
false,f35,f25,hide,-1
false,f45,f35,move-toward,0.9
false,f45,f35,hide,-1
false,f65,f45,move-toward,0.9
false,f65,f45,hide,-1
false,f75,f65,move-toward,0.9
false,f75,f65,hide,-1
false,f85,f75,move-toward,0.9
false,f85,f75,hide,-1
false,f95,f85,move-toward,0.9
false,f95,f85,hide,-1",nobody
anima1s,8634809,,75,0,88,49.285714285714285," ",9.9,circle323,false,0.99999,1,up,female,adult,cycling,1219895,true,false,false,false,1,0.99999,0.7,1000000,cyszjkxkkz,azdrtklevd,,0.2,0.1,0.5,0,0.99999,0.5,1,1,1,0.99999,0,0,0,0,1.0E-5,1.23E-5,0.003560316,0,0,"false,e,e,living-chance,0.05
false,f,of,hide,0.05","false,f,e,go-forward,0.1
false,f,e,set-heading-random,0.05
false,f25,f15,move-toward,0.9
false,f25,f15,hide,-1
false,f35,f25,move-toward,0.9
false,f35,f25,hide,-1
false,f45,f35,move-toward,0.9
false,f45,f35,hide,-1
false,f65,f45,move-toward,0.9
false,f65,f45,hide,-1
false,f75,f65,move-toward,0.9
false,f75,f65,hide,-1
false,f85,f75,move-toward,0.9
false,f85,f75,hide,-1
false,f95,f85,move-toward,0.9
false,f95,f85,hide,-1",nobody
anima1s,1944107,,15,0,55,57.857142857142854," ",9.9,circle323,false,0.99999,1,up,female,adult,cycling,594035,true,false,false,false,1,0.99999,0.7,1000000,cyszjkxkkz,azdrtklevd,,0.2,0.1,0.5,0,0.99999,0.5,1,1,1,0.99999,0,0,0,0,1.0E-5,1.23E-5,0.003560316,0,0,"false,e,e,living-chance,0.05
false,f,of,hide,0.05","false,f,e,go-forward,0.1
false,f,e,set-heading-random,0.05
false,f25,f15,move-toward,0.9
false,f25,f15,hide,-1
false,f35,f25,move-toward,0.9
false,f35,f25,hide,-1
false,f45,f35,move-toward,0.9
false,f45,f35,hide,-1
false,f65,f45,move-toward,0.9
false,f65,f45,hide,-1
false,f75,f65,move-toward,0.9
false,f75,f65,hide,-1
false,f85,f75,move-toward,0.9
false,f85,f75,hide,-1
false,f95,f85,move-toward,0.9
false,f95,f85,hide,-1",nobody
anima1s,8582062,,115,0,11,43.57142857142857," ",9.9,circle323,false,0.99999,1,up,female,adult,cycling,497815,true,false,false,false,1,0.99999,0.7,1000000,amsztbxkvz,czxrjkfekp,,0.2,0.1,0.5,0,0.99999,0.5,1,1,1,0.99999,0,0,0,0,1.21E-5,9.99E-6,0.011077159,0,0,"false,e,e,living-chance,0.05
false,f,of,hide,0.05","false,f,e,go-forward,0.1
false,f,e,set-heading-random,0.05
false,f25,f15,move-toward,0.9
false,f25,f15,hide,-1
false,f35,f25,move-toward,0.9
false,f35,f25,hide,-1
false,f45,f35,move-toward,0.9
false,f45,f35,hide,-1
false,f65,f45,move-toward,0.9
false,f65,f45,hide,-1
false,f75,f65,move-toward,0.9
false,f75,f65,hide,-1
false,f85,f75,move-toward,0.9
false,f85,f75,hide,-1
false,f95,f85,move-toward,0.9
false,f95,f85,hide,-1",nobody
anima1s,9954676,,95,0,55,46.42857142857143," ",9.9,circle323,false,0.99999,1,up,female,adult,cycling,1078235,true,false,false,false,1,0.99999,0.7,1000000,amsztbxkvz,czxrjkfekp,,0.2,0.1,0.5,0,0.99999,0.5,1,1,1,0.99999,0,0,0,0,1.21E-5,9.99E-6,0.011077159,0,0,"false,e,e,living-chance,0.05
false,f,of,hide,0.05","false,f,e,go-forward,0.1
false,f,e,set-heading-random,0.05
false,f25,f15,move-toward,0.9
false,f25,f15,hide,-1
false,f35,f25,move-toward,0.9
false,f35,f25,hide,-1
false,f45,f35,move-toward,0.9
false,f45,f35,hide,-1
false,f65,f45,move-toward,0.9
false,f65,f45,hide,-1
false,f75,f65,move-toward,0.9
false,f75,f65,hide,-1
false,f85,f75,move-toward,0.9
false,f85,f75,hide,-1
false,f95,f85,move-toward,0.9
false,f95,f85,hide,-1",nobody
anima1s,790761,,35,0,55,55," ",9.9,circle323,false,0.99999,1,up,female,adult,cycling,1062775,true,false,false,false,1,0.99999,0.7,1000000,wzxzykadyu,amdltbyukz,,0.2,0.1,0.5,0,0.99999,0.5,1,1,1,0.99999,0,0,0,0,1.32E-5,1.08E-4,0.025021047,0,0,"false,e,e,living-chance,0.05
false,f,of,hide,0.05","false,f,e,go-forward,0.1
false,f,e,set-heading-random,0.05
false,f25,f15,move-toward,0.9
false,f25,f15,hide,-1
false,f35,f25,move-toward,0.9
false,f35,f25,hide,-1
false,f45,f35,move-toward,0.9
false,f45,f35,hide,-1
false,f65,f45,move-toward,0.9
false,f65,f45,hide,-1
false,f75,f65,move-toward,0.9
false,f75,f65,hide,-1
false,f85,f75,move-toward,0.9
false,f85,f75,hide,-1
false,f95,f85,move-toward,0.9
false,f95,f85,hide,-1",nobody
anima1s,7728289,,65,0,33,50.714285714285715," ",9.9,circle323,false,0.99999,1,up,female,adult,cycling,714905,true,false,false,false,1,0.99999,0.7,1000000,amsztbxkvz,czxrjkfekp,,0.2,0.1,0.5,0,0.99999,0.5,1,1,1,0.99999,0,0,0,0,1.21E-5,9.99E-6,0.011077159,0,0,"false,e,e,living-chance,0.05
false,f,of,hide,0.05","false,f,e,go-forward,0.1
false,f,e,set-heading-random,0.05
false,f25,f15,move-toward,0.9
false,f25,f15,hide,-1
false,f35,f25,move-toward,0.9
false,f35,f25,hide,-1
false,f45,f35,move-toward,0.9
false,f45,f35,hide,-1
false,f65,f45,move-toward,0.9
false,f65,f45,hide,-1
false,f75,f65,move-toward,0.9
false,f75,f65,hide,-1
false,f85,f75,move-toward,0.9
false,f85,f75,hide,-1
false,f95,f85,move-toward,0.9
false,f95,f85,hide,-1",nobody
