breed,my.identity,age,color,heading,xcor,ycor,label,label-color,shape,hidden?,size,pen-size,pen-mode,biological.sex,life.history,female.fertility,group.identity,is.alive,yellow.signal,red.signal,blue.signal,living.chance,body.size,body.shade,energy.supply,identity.I,identity.II,carried.items,bite.capacity,mutation.chance,sex.ratio,litter.size,conception.chance,visual.angle,visual.range,day.perception,night.perception,yellow.chance,red.chance,blue.chance,birthing.chance,weaning.chance,infancy.chance,juvenility.chance,adulthood.chance,x.magnitude,y.magnitude,chromosome.I,chromosome.II,my.mother
anima1s,6097928,,35,0,89,21, ,9.9,circle233,FALSE,0.99999,1,up,female,adult,cycling,218155,TRUE,FALSE,FALSE,FALSE,1,0.99999,0.7,1000000,cyszjkxkkz,azdrtklevd,,0.2,0.1,0.5,0,0.99999,1,0.5,1,1,0.99999,0,0,0,0,1.00E-05,1.23E-05,0.003560316,0,0,"false,e,e,living-chance,0.05
false,m,e,go-forward,0.05
false,m,fuå,move-toward,0.9
false,m,fuå,join,0.9
false,m,fnα,leave,0.9","false,f,mn,yellow-signal-on,0.9",nobody
anima1s,5348439,,65,0,47.5,17.5, ,9.9,circle233,FALSE,0.99999,1,up,female,adult,cycling,360985,TRUE,FALSE,FALSE,FALSE,1,0.99999,0.7,1000000,cyszjkxkkz,azdrtklevd,,0.2,0.1,0.5,0,0.99999,1,0.5,1,1,0.99999,0,0,0,0,1.00E-05,1.23E-05,0.003560316,0,0,"false,e,e,living-chance,0.05
false,m,e,go-forward,0.05
false,m,fuå,move-toward,0.9
false,m,fuå,join,0.9
false,m,fnα,leave,0.9","false,f,mn,yellow-signal-on,0.9",nobody
anima1s,7189717,,55,0,70,50, ,9.9,circle233,FALSE,0.99999,1,up,female,adult,cycling,64875,TRUE,FALSE,FALSE,FALSE,1,0.99999,0.7,1000000,wzxzykadyu,amdltbyukz,,0.2,0.1,0.5,0,0.99999,1,0.5,1,1,0.99999,0,0,0,0,1.32E-05,1.08E-04,0.025021047,0,0,"false,e,e,living-chance,0.05
false,m,e,go-forward,0.05
false,m,fuå,move-toward,0.9
false,m,fuå,join,0.9
false,m,fnα,leave,0.9","false,f,mn,yellow-signal-on,0.9",nobody
anima1s,5682105,,115,0,10,15, ,9.9,circle233,FALSE,0.99999,1,up,female,adult,cycling,39875,TRUE,FALSE,FALSE,FALSE,1,0.99999,0.7,1000000,cyszjkxkkz,azdrtklevd,,0.2,0.1,0.5,0,0.99999,1,0.5,1,1,0.99999,0,0,0,0,1.00E-05,1.23E-05,0.003560316,0,0,"false,e,e,living-chance,0.05
false,m,e,go-forward,0.05
false,m,fuå,move-toward,0.9
false,m,fuå,join,0.9
false,m,fnα,leave,0.9","false,f,mn,yellow-signal-on,0.9",nobody
anima1s,573849,,105,0,50,55, ,9.9,circle233,FALSE,0.99999,1,up,female,adult,cycling,213465,TRUE,FALSE,FALSE,FALSE,1,0.99999,0.7,1000000,cyszjkxkkz,azdrtklevd,,0.2,0.1,0.5,0,0.99999,1,0.5,1,1,0.99999,0,0,0,0,1.00E-05,1.23E-05,0.003560316,0,0,"false,e,e,living-chance,0.05
false,m,e,go-forward,0.05
false,m,fuå,move-toward,0.9
false,m,fuå,join,0.9
false,m,fnα,leave,0.9","false,f,mn,yellow-signal-on,0.9",nobody
anima1s,4285977,,75,0,10,65, ,9.9,circle233,FALSE,0.99999,1,up,female,adult,cycling,1094875,TRUE,FALSE,FALSE,FALSE,1,0.99999,0.7,1000000,amsztbxkvz,czxrjkfekp,,0.2,0.1,0.5,0,0.99999,1,0.5,1,1,0.99999,0,0,0,0,1.21E-05,9.99E-06,0.011077159,0,0,"false,e,e,living-chance,0.05
false,m,e,go-forward,0.05
false,m,fuå,move-toward,0.9
false,m,fuå,join,0.9
false,m,fnα,leave,0.9","false,f,mn,yellow-signal-on,0.9",nobody
anima1s,2935139,,15,0,90,60, ,9.9,circle233,FALSE,0.99999,1,up,female,adult,cycling,1302295,TRUE,FALSE,FALSE,FALSE,1,0.99999,0.7,1000000,cyszjkxkkz,azdrtklevd,,0.2,0.1,0.5,0,0.99999,1,0.5,1,1,0.99999,0,0,0,0,1.00E-05,1.23E-05,0.003560316,0,0,"false,e,e,living-chance,0.05
false,m,e,go-forward,0.05
false,m,fuå,move-toward,0.9
false,m,fuå,join,0.9
false,m,fnα,leave,0.9","false,f,mn,yellow-signal-on,0.9",nobody
anima1s,6393337,,25,0,70,30, ,9.9,circle233,FALSE,0.99999,1,up,female,adult,cycling,916745,TRUE,FALSE,FALSE,FALSE,1,0.99999,0.7,1000000,amsztbxkvz,czxrjkfekp,,0.2,0.1,0.5,0,0.99999,1,0.5,1,1,0.99999,0,0,0,0,1.21E-05,9.99E-06,0.011077159,0,0,"false,e,e,living-chance,0.05
false,m,e,go-forward,0.05
false,m,fuå,move-toward,0.9
false,m,fuå,join,0.9
false,m,fnα,leave,0.9","false,f,mn,yellow-signal-on,0.9",nobody
anima1s,154015,,85,0,15,85, ,9.9,circle233,FALSE,0.99999,1,up,female,adult,cycling,1191765,TRUE,FALSE,FALSE,FALSE,1,0.99999,0.7,1000000,cyszjkxkkz,azdrtklevd,,0.2,0.1,0.5,0,0.99999,1,0.5,1,1,0.99999,0,0,0,0,1.00E-05,1.23E-05,0.003560316,0,0,"false,e,e,living-chance,0.05
false,m,e,go-forward,0.05
false,m,fuå,move-toward,0.9
false,m,fuå,join,0.9
false,m,fnα,leave,0.9","false,f,mn,yellow-signal-on,0.9",nobody
anima1s,2860252,,95,0,17.5,86.5, ,9.9,circle233,FALSE,0.99999,1,up,female,adult,cycling,942015,TRUE,FALSE,FALSE,FALSE,1,0.99999,0.7,1000000,cyszjkxkkz,azdrtklevd,,0.2,0.1,0.5,0,0.99999,1,0.5,1,1,0.99999,0,0,0,0,1.00E-05,1.23E-05,0.003560316,0,0,"false,e,e,living-chance,0.05
false,m,e,go-forward,0.05
false,m,fuå,move-toward,0.9
false,m,fuå,join,0.9
false,m,fnα,leave,0.9","false,f,mn,yellow-signal-on,0.9",nobody
anima1s,9198675,,55,0,10,50, ,9.9,circle233,FALSE,0.99999,1,up,female,adult,cycling,1291415,TRUE,FALSE,FALSE,FALSE,1,0.99999,0.7,1000000,wzxzykadyu,amdltbyukz,,0.2,0.1,0.5,0,0.99999,1,0.5,1,1,0.99999,0,0,0,0,1.32E-05,1.08E-04,0.025021047,0,0,"false,e,e,living-chance,0.05
false,m,e,go-forward,0.05
false,m,fuå,move-toward,0.9
false,m,fuå,join,0.9
false,m,fnα,leave,0.9","false,f,mn,yellow-signal-on,0.9",nobody
anima1s,7689806,,15,0,90,65, ,9.9,circle233,FALSE,0.99999,1,up,female,adult,cycling,1210035,TRUE,FALSE,FALSE,FALSE,1,0.99999,0.7,1000000,amsztbxkvz,czxrjkfekp,,0.2,0.1,0.5,0,0.99999,1,0.5,1,1,0.99999,0,0,0,0,1.21E-05,9.99E-06,0.011077159,0,0,"false,e,e,living-chance,0.05
false,m,e,go-forward,0.05
false,m,fuå,move-toward,0.9
false,m,fuå,join,0.9
false,m,fnα,leave,0.9","false,f,mn,yellow-signal-on,0.9",nobody
anima1s,5438515,,135,0,12.5,82.5, ,9.9,circle233,FALSE,0.99999,1,up,female,adult,cycling,911955,TRUE,FALSE,FALSE,FALSE,1,0.99999,0.7,1000000,cyszjkxkkz,azdrtklevd,,0.2,0.1,0.5,0,0.99999,1,0.5,1,1,0.99999,0,0,0,0,1.00E-05,1.23E-05,0.003560316,0,0,"false,e,e,living-chance,0.05
false,m,e,go-forward,0.05
false,m,fuå,move-toward,0.9
false,m,fuå,join,0.9
false,m,fnα,leave,0.9","false,f,mn,yellow-signal-on,0.9",nobody
anima1s,4193744,,55,0,37.5,13.5, ,9.9,circle233,FALSE,0.99999,1,up,female,adult,cycling,443435,TRUE,FALSE,FALSE,FALSE,1,0.99999,0.7,1000000,wzxzykadyu,amdltbyukz,,0.2,0.1,0.5,0,0.99999,1,0.5,1,1,0.99999,0,0,0,0,1.32E-05,1.08E-04,0.025021047,0,0,"false,e,e,living-chance,0.05
false,m,e,go-forward,0.05
false,m,fuå,move-toward,0.9
false,m,fuå,join,0.9
false,m,fnα,leave,0.9","false,f,mn,yellow-signal-on,0.9",nobody
anima1s,8455339,,45,0,71,21, ,9.9,circle233,FALSE,0.99999,1,up,female,adult,cycling,750725,TRUE,FALSE,FALSE,FALSE,1,0.99999,0.7,1000000,cyszjkxkkz,azdrtklevd,,0.2,0.1,0.5,0,0.99999,1,0.5,1,1,0.99999,0,0,0,0,1.00E-05,1.23E-05,0.003560316,0,0,"false,e,e,living-chance,0.05
false,m,e,go-forward,0.05
false,m,fuå,move-toward,0.9
false,m,fuå,join,0.9
false,m,fnα,leave,0.9","false,f,mn,yellow-signal-on,0.9",nobody
anima1s,283438,,35,0,90,75, ,9.9,circle233,FALSE,0.99999,1,up,female,adult,cycling,112735,TRUE,FALSE,FALSE,FALSE,1,0.99999,0.7,1000000,cyszjkxkkz,azdrtklevd,,0.2,0.1,0.5,0,0.99999,1,0.5,1,1,0.99999,0,0,0,0,1.00E-05,1.23E-05,0.003560316,0,0,"false,e,e,living-chance,0.05
false,m,e,go-forward,0.05
false,m,fuå,move-toward,0.9
false,m,fuå,join,0.9
false,m,fnα,leave,0.9","false,f,mn,yellow-signal-on,0.9",nobody
anima1s,709775,,75,0,50,60, ,9.9,circle233,FALSE,0.99999,1,up,female,adult,cycling,1219895,TRUE,FALSE,FALSE,FALSE,1,0.99999,0.7,1000000,cyszjkxkkz,azdrtklevd,,0.2,0.1,0.5,0,0.99999,1,0.5,1,1,0.99999,0,0,0,0,1.00E-05,1.23E-05,0.003560316,0,0,"false,e,e,living-chance,0.05
false,m,e,go-forward,0.05
false,m,fuå,move-toward,0.9
false,m,fuå,join,0.9
false,m,fnα,leave,0.9","false,f,mn,yellow-signal-on,0.9",nobody
anima1s,8561671,,15,0,82.5,13.5, ,9.9,circle233,FALSE,0.99999,1,up,female,adult,cycling,342875,TRUE,FALSE,FALSE,FALSE,1,0.99999,0.7,1000000,wzxzykadyu,amdltbyukz,,0.2,0.1,0.5,0,0.99999,1,0.5,1,1,0.99999,0,0,0,0,1.32E-05,1.08E-04,0.025021047,0,0,"false,e,e,living-chance,0.05
false,m,e,go-forward,0.05
false,m,fuå,move-toward,0.9
false,m,fuå,join,0.9
false,m,fnα,leave,0.9","false,f,mn,yellow-signal-on,0.9",nobody
anima1s,9114728,,115,0,70,35, ,9.9,circle233,FALSE,0.99999,1,up,female,adult,cycling,1004195,TRUE,FALSE,FALSE,FALSE,1,0.99999,0.7,1000000,cyszjkxkkz,azdrtklevd,,0.2,0.1,0.5,0,0.99999,1,0.5,1,1,0.99999,0,0,0,0,1.00E-05,1.23E-05,0.003560316,0,0,"false,e,e,living-chance,0.05
false,m,e,go-forward,0.05
false,m,fuå,move-toward,0.9
false,m,fuå,join,0.9
false,m,fnα,leave,0.9","false,f,mn,yellow-signal-on,0.9",nobody
anima1s,9987940,,115,0,30,55, ,9.9,circle233,FALSE,0.99999,1,up,female,adult,cycling,666655,TRUE,FALSE,FALSE,FALSE,1,0.99999,0.7,1000000,cyszjkxkkz,azdrtklevd,,0.2,0.1,0.5,0,0.99999,1,0.5,1,1,0.99999,0,0,0,0,1.00E-05,1.23E-05,0.003560316,0,0,"false,e,e,living-chance,0.05
false,m,e,go-forward,0.05
false,m,fuå,move-toward,0.9
false,m,fuå,join,0.9
false,m,fnα,leave,0.9","false,f,mn,yellow-signal-on,0.9",nobody
anima1s,9433062,,125,0,70,40, ,9.9,circle233,FALSE,0.99999,1,up,female,adult,cycling,1107385,TRUE,FALSE,FALSE,FALSE,1,0.99999,0.7,1000000,cyszjkxkkz,azdrtklevd,,0.2,0.1,0.5,0,0.99999,1,0.5,1,1,0.99999,0,0,0,0,1.00E-05,1.23E-05,0.003560316,0,0,"false,e,e,living-chance,0.05
false,m,e,go-forward,0.05
false,m,fuå,move-toward,0.9
false,m,fuå,join,0.9
false,m,fnα,leave,0.9","false,f,mn,yellow-signal-on,0.9",nobody
anima1s,8776491,,55,0,70,25, ,9.9,circle233,FALSE,0.99999,1,up,female,adult,cycling,217615,TRUE,FALSE,FALSE,FALSE,1,0.99999,0.7,1000000,amsztbxkvz,czxrjkfekp,,0.2,0.1,0.5,0,0.99999,1,0.5,1,1,0.99999,0,0,0,0,1.21E-05,9.99E-06,0.011077159,0,0,"false,e,e,living-chance,0.05
false,m,e,go-forward,0.05
false,m,fuå,move-toward,0.9
false,m,fuå,join,0.9
false,m,fnα,leave,0.9","false,f,mn,yellow-signal-on,0.9",nobody
anima1s,4164523,,125,0,90,25, ,9.9,circle233,FALSE,0.99999,1,up,female,adult,cycling,732885,TRUE,FALSE,FALSE,FALSE,1,0.99999,0.7,1000000,amsztbxkvz,czxrjkfekp,,0.2,0.1,0.5,0,0.99999,1,0.5,1,1,0.99999,0,0,0,0,1.21E-05,9.99E-06,0.011077159,0,0,"false,e,e,living-chance,0.05
false,m,e,go-forward,0.05
false,m,fuå,move-toward,0.9
false,m,fuå,join,0.9
false,m,fnα,leave,0.9","false,f,mn,yellow-signal-on,0.9",nobody
anima1s,8224768,,105,0,32.5,17.5, ,9.9,circle233,FALSE,0.99999,1,up,female,adult,cycling,622965,TRUE,FALSE,FALSE,FALSE,1,0.99999,0.7,1000000,cyszjkxkkz,azdrtklevd,,0.2,0.1,0.5,0,0.99999,1,0.5,1,1,0.99999,0,0,0,0,1.00E-05,1.23E-05,0.003560316,0,0,"false,e,e,living-chance,0.05
false,m,e,go-forward,0.05
false,m,fuå,move-toward,0.9
false,m,fuå,join,0.9
false,m,fnα,leave,0.9","false,f,mn,yellow-signal-on,0.9",nobody
anima1s,601385,,95,0,30,75, ,9.9,circle233,FALSE,0.99999,1,up,female,adult,cycling,496955,TRUE,FALSE,FALSE,FALSE,1,0.99999,0.7,1000000,cyszjkxkkz,azdrtklevd,,0.2,0.1,0.5,0,0.99999,1,0.5,1,1,0.99999,0,0,0,0,1.00E-05,1.23E-05,0.003560316,0,0,"false,e,e,living-chance,0.05
false,m,e,go-forward,0.05
false,m,fuå,move-toward,0.9
false,m,fuå,join,0.9
false,m,fnα,leave,0.9","false,f,mn,yellow-signal-on,0.9",nobody
anima1s,4438712,,5,0,77.5,13.5, ,9.9,circle233,FALSE,0.99999,1,up,female,adult,cycling,433865,TRUE,FALSE,FALSE,FALSE,1,0.99999,0.7,1000000,wzxzykadyu,amdltbyukz,,0.2,0.1,0.5,0,0.99999,1,0.5,1,1,0.99999,0,0,0,0,1.32E-05,1.08E-04,0.025021047,0,0,"false,e,e,living-chance,0.05
false,m,e,go-forward,0.05
false,m,fuå,move-toward,0.9
false,m,fuå,join,0.9
false,m,fnα,leave,0.9","false,f,mn,yellow-signal-on,0.9",nobody
anima1s,6124734,,15,0,89,79, ,9.9,circle233,FALSE,0.99999,1,up,female,adult,cycling,1125195,TRUE,FALSE,FALSE,FALSE,1,0.99999,0.7,1000000,cyszjkxkkz,azdrtklevd,,0.2,0.1,0.5,0,0.99999,1,0.5,1,1,0.99999,0,0,0,0,1.00E-05,1.23E-05,0.003560316,0,0,"false,e,e,living-chance,0.05
false,m,e,go-forward,0.05
false,m,fuå,move-toward,0.9
false,m,fuå,join,0.9
false,m,fnα,leave,0.9","false,f,mn,yellow-signal-on,0.9",nobody
anima1s,519627,,45,0,50,40, ,9.9,circle233,FALSE,0.99999,1,up,female,adult,cycling,982285,TRUE,FALSE,FALSE,FALSE,1,0.99999,0.7,1000000,cyszjkxkkz,azdrtklevd,,0.2,0.1,0.5,0,0.99999,1,0.5,1,1,0.99999,0,0,0,0,1.00E-05,1.23E-05,0.003560316,0,0,"false,e,e,living-chance,0.05
false,m,e,go-forward,0.05
false,m,fuå,move-toward,0.9
false,m,fuå,join,0.9
false,m,fnα,leave,0.9","false,f,mn,yellow-signal-on,0.9",nobody
anima1s,5834555,,5,0,30,65, ,9.9,circle233,FALSE,0.99999,1,up,female,adult,cycling,240525,TRUE,FALSE,FALSE,FALSE,1,0.99999,0.7,1000000,amsztbxkvz,czxrjkfekp,,0.2,0.1,0.5,0,0.99999,1,0.5,1,1,0.99999,0,0,0,0,1.21E-05,9.99E-06,0.011077159,0,0,"false,e,e,living-chance,0.05
false,m,e,go-forward,0.05
false,m,fuå,move-toward,0.9
false,m,fuå,join,0.9
false,m,fnα,leave,0.9","false,f,mn,yellow-signal-on,0.9",nobody
anima1s,3316188,,85,0,10,30, ,9.9,circle233,FALSE,0.99999,1,up,female,adult,cycling,655425,TRUE,FALSE,FALSE,FALSE,1,0.99999,0.7,1000000,amsztbxkvz,czxrjkfekp,,0.2,0.1,0.5,0,0.99999,1,0.5,1,1,0.99999,0,0,0,0,1.21E-05,9.99E-06,0.011077159,0,0,"false,e,e,living-chance,0.05
false,m,e,go-forward,0.05
false,m,fuå,move-toward,0.9
false,m,fuå,join,0.9
false,m,fnα,leave,0.9","false,f,mn,yellow-signal-on,0.9",nobody
anima1s,4135798,,25,0,75,15, ,9.9,circle233,FALSE,0.99999,1,up,female,adult,cycling,96485,TRUE,FALSE,FALSE,FALSE,1,0.99999,0.7,1000000,wzxzykadyu,amdltbyukz,,0.2,0.1,0.5,0,0.99999,1,0.5,1,1,0.99999,0,0,0,0,1.32E-05,1.08E-04,0.025021047,0,0,"false,e,e,living-chance,0.05
false,m,e,go-forward,0.05
false,m,fuå,move-toward,0.9
false,m,fuå,join,0.9
false,m,fnα,leave,0.9","false,f,mn,yellow-signal-on,0.9",nobody
anima1s,9840174,,0,0,10,10, ,9.9,triangle333,FALSE,0.99999,1,up,male,adult, ,235343,TRUE,FALSE,FALSE,FALSE,1,0.99999,0.9,1000000,wzxzykadyu,amdltbyukz,,0.2,0.1,0.5,0,0.99999,1,2,1,1,0,0,0,0,0,1.32E-05,1.08E-04,0.025021047,0,0,"false,e,e,living-chance,0.05
false,m,e,go-forward,0.05
false,m,fuå,move-toward,0.9
false,m,fuå,join,0.9
false,m,fnα,leave,0.9","false,f,mn,yellow-signal-on,0.9",nobody
anima1s,4512634,,125,0,30,60, ,9.9,circle233,FALSE,0.99999,1,up,female,adult,cycling,309385,TRUE,FALSE,FALSE,FALSE,1,0.99999,0.7,1000000,cyszjkxkkz,azdrtklevd,,0.2,0.1,0.5,0,0.99999,1,0.5,1,1,0.99999,0,0,0,0,1.00E-05,1.23E-05,0.003560316,0,0,"false,e,e,living-chance,0.05
false,m,e,go-forward,0.05
false,m,fuå,move-toward,0.9
false,m,fuå,join,0.9
false,m,fnα,leave,0.9","false,f,mn,yellow-signal-on,0.9",nobody
anima1s,1236810,,35,0,65,85, ,9.9,circle233,FALSE,0.99999,1,up,female,adult,cycling,884555,TRUE,FALSE,FALSE,FALSE,1,0.99999,0.7,1000000,amsztbxkvz,czxrjkfekp,,0.2,0.1,0.5,0,0.99999,1,0.5,1,1,0.99999,0,0,0,0,1.21E-05,9.99E-06,0.011077159,0,0,"false,e,e,living-chance,0.05
false,m,e,go-forward,0.05
false,m,fuå,move-toward,0.9
false,m,fuå,join,0.9
false,m,fnα,leave,0.9","false,f,mn,yellow-signal-on,0.9",nobody
anima1s,7086704,,5,0,10,60, ,9.9,circle233,FALSE,0.99999,1,up,female,adult,cycling,445065,TRUE,FALSE,FALSE,FALSE,1,0.99999,0.7,1000000,cyszjkxkkz,azdrtklevd,,0.2,0.1,0.5,0,0.99999,1,0.5,1,1,0.99999,0,0,0,0,1.00E-05,1.23E-05,0.003560316,0,0,"false,e,e,living-chance,0.05
false,m,e,go-forward,0.05
false,m,fuå,move-toward,0.9
false,m,fuå,join,0.9
false,m,fnα,leave,0.9","false,f,mn,yellow-signal-on,0.9",nobody
anima1s,4877689,,115,0,90,30, ,9.9,circle233,FALSE,0.99999,1,up,female,adult,cycling,497815,TRUE,FALSE,FALSE,FALSE,1,0.99999,0.7,1000000,amsztbxkvz,czxrjkfekp,,0.2,0.1,0.5,0,0.99999,1,0.5,1,1,0.99999,0,0,0,0,1.21E-05,9.99E-06,0.011077159,0,0,"false,e,e,living-chance,0.05
false,m,e,go-forward,0.05
false,m,fuå,move-toward,0.9
false,m,fuå,join,0.9
false,m,fnα,leave,0.9","false,f,mn,yellow-signal-on,0.9",nobody
anima1s,5597167,,95,0,30,35, ,9.9,circle233,FALSE,0.99999,1,up,female,adult,cycling,195955,TRUE,FALSE,FALSE,FALSE,1,0.99999,0.7,1000000,cyszjkxkkz,azdrtklevd,,0.2,0.1,0.5,0,0.99999,1,0.5,1,1,0.99999,0,0,0,0,1.00E-05,1.23E-05,0.003560316,0,0,"false,e,e,living-chance,0.05
false,m,e,go-forward,0.05
false,m,fuå,move-toward,0.9
false,m,fuå,join,0.9
false,m,fnα,leave,0.9","false,f,mn,yellow-signal-on,0.9",nobody
anima1s,1122930,,85,0,70,75, ,9.9,circle233,FALSE,0.99999,1,up,female,adult,cycling,137705,TRUE,FALSE,FALSE,FALSE,1,0.99999,0.7,1000000,cyszjkxkkz,azdrtklevd,,0.2,0.1,0.5,0,0.99999,1,0.5,1,1,0.99999,0,0,0,0,1.00E-05,1.23E-05,0.003560316,0,0,"false,e,e,living-chance,0.05
false,m,e,go-forward,0.05
false,m,fuå,move-toward,0.9
false,m,fuå,join,0.9
false,m,fnα,leave,0.9","false,f,mn,yellow-signal-on,0.9",nobody
anima1s,8488484,,95,0,22.5,86.5, ,9.9,circle233,FALSE,0.99999,1,up,female,adult,cycling,21095,TRUE,FALSE,FALSE,FALSE,1,0.99999,0.7,1000000,wzxzykadyu,amdltbyukz,,0.2,0.1,0.5,0,0.99999,1,0.5,1,1,0.99999,0,0,0,0,1.32E-05,1.08E-04,0.025021047,0,0,"false,e,e,living-chance,0.05
false,m,e,go-forward,0.05
false,m,fuå,move-toward,0.9
false,m,fuå,join,0.9
false,m,fnα,leave,0.9","false,f,mn,yellow-signal-on,0.9",nobody
anima1s,6953186,,85,0,90,50, ,9.9,circle233,FALSE,0.99999,1,up,female,adult,cycling,892725,TRUE,FALSE,FALSE,FALSE,1,0.99999,0.7,1000000,wzxzykadyu,amdltbyukz,,0.2,0.1,0.5,0,0.99999,1,0.5,1,1,0.99999,0,0,0,0,1.32E-05,1.08E-04,0.025021047,0,0,"false,e,e,living-chance,0.05
false,m,e,go-forward,0.05
false,m,fuå,move-toward,0.9
false,m,fuå,join,0.9
false,m,fnα,leave,0.9","false,f,mn,yellow-signal-on,0.9",nobody
anima1s,7032885,,55,0,50,65, ,9.9,circle233,FALSE,0.99999,1,up,female,adult,cycling,343335,TRUE,FALSE,FALSE,FALSE,1,0.99999,0.7,1000000,amsztbxkvz,czxrjkfekp,,0.2,0.1,0.5,0,0.99999,1,0.5,1,1,0.99999,0,0,0,0,1.21E-05,9.99E-06,0.011077159,0,0,"false,e,e,living-chance,0.05
false,m,e,go-forward,0.05
false,m,fuå,move-toward,0.9
false,m,fuå,join,0.9
false,m,fnα,leave,0.9","false,f,mn,yellow-signal-on,0.9",nobody
anima1s,7789195,,95,0,50,30, ,9.9,circle233,FALSE,0.99999,1,up,female,adult,cycling,1078235,TRUE,FALSE,FALSE,FALSE,1,0.99999,0.7,1000000,amsztbxkvz,czxrjkfekp,,0.2,0.1,0.5,0,0.99999,1,0.5,1,1,0.99999,0,0,0,0,1.21E-05,9.99E-06,0.011077159,0,0,"false,e,e,living-chance,0.05
false,m,e,go-forward,0.05
false,m,fuå,move-toward,0.9
false,m,fuå,join,0.9
false,m,fnα,leave,0.9","false,f,mn,yellow-signal-on,0.9",nobody
anima1s,9943371,,55,0,10,75, ,9.9,circle233,FALSE,0.99999,1,up,female,adult,cycling,645595,TRUE,FALSE,FALSE,FALSE,1,0.99999,0.7,1000000,cyszjkxkkz,azdrtklevd,,0.2,0.1,0.5,0,0.99999,1,0.5,1,1,0.99999,0,0,0,0,1.00E-05,1.23E-05,0.003560316,0,0,"false,e,e,living-chance,0.05
false,m,e,go-forward,0.05
false,m,fuå,move-toward,0.9
false,m,fuå,join,0.9
false,m,fnα,leave,0.9","false,f,mn,yellow-signal-on,0.9",nobody
anima1s,464927,,35,0,10,25, ,9.9,circle233,FALSE,0.99999,1,up,female,adult,cycling,365715,TRUE,FALSE,FALSE,FALSE,1,0.99999,0.7,1000000,amsztbxkvz,czxrjkfekp,,0.2,0.1,0.5,0,0.99999,1,0.5,1,1,0.99999,0,0,0,0,1.21E-05,9.99E-06,0.011077159,0,0,"false,e,e,living-chance,0.05
false,m,e,go-forward,0.05
false,m,fuå,move-toward,0.9
false,m,fuå,join,0.9
false,m,fnα,leave,0.9","false,f,mn,yellow-signal-on,0.9",nobody
anima1s,727941,,75,0,55,85, ,9.9,circle233,FALSE,0.99999,1,up,female,adult,cycling,187115,TRUE,FALSE,FALSE,FALSE,1,0.99999,0.7,1000000,amsztbxkvz,czxrjkfekp,,0.2,0.1,0.5,0,0.99999,1,0.5,1,1,0.99999,0,0,0,0,1.21E-05,9.99E-06,0.011077159,0,0,"false,e,e,living-chance,0.05
false,m,e,go-forward,0.05
false,m,fuå,move-toward,0.9
false,m,fuå,join,0.9
false,m,fnα,leave,0.9","false,f,mn,yellow-signal-on,0.9",nobody
anima1s,9567410,,55,0,72.5,17.5, ,9.9,circle233,FALSE,0.99999,1,up,female,adult,cycling,1161075,TRUE,FALSE,FALSE,FALSE,1,0.99999,0.7,1000000,cyszjkxkkz,azdrtklevd,,0.2,0.1,0.5,0,0.99999,1,0.5,1,1,0.99999,0,0,0,0,1.00E-05,1.23E-05,0.003560316,0,0,"false,e,e,living-chance,0.05
false,m,e,go-forward,0.05
false,m,fuå,move-toward,0.9
false,m,fuå,join,0.9
false,m,fnα,leave,0.9","false,f,mn,yellow-signal-on,0.9",nobody
anima1s,1078345,,105,0,70,65, ,9.9,circle233,FALSE,0.99999,1,up,female,adult,cycling,498225,TRUE,FALSE,FALSE,FALSE,1,0.99999,0.7,1000000,amsztbxkvz,czxrjkfekp,,0.2,0.1,0.5,0,0.99999,1,0.5,1,1,0.99999,0,0,0,0,1.21E-05,9.99E-06,0.011077159,0,0,"false,e,e,living-chance,0.05
false,m,e,go-forward,0.05
false,m,fuå,move-toward,0.9
false,m,fuå,join,0.9
false,m,fnα,leave,0.9","false,f,mn,yellow-signal-on,0.9",nobody
anima1s,5253199,,85,0,30,70, ,9.9,circle233,FALSE,0.99999,1,up,female,adult,cycling,109145,TRUE,FALSE,FALSE,FALSE,1,0.99999,0.7,1000000,amsztbxkvz,czxrjkfekp,,0.2,0.1,0.5,0,0.99999,1,0.5,1,1,0.99999,0,0,0,0,1.21E-05,9.99E-06,0.011077159,0,0,"false,e,e,living-chance,0.05
false,m,e,go-forward,0.05
false,m,fuå,move-toward,0.9
false,m,fuå,join,0.9
false,m,fnα,leave,0.9","false,f,mn,yellow-signal-on,0.9",nobody
anima1s,815095,,15,0,51,79, ,9.9,circle233,FALSE,0.99999,1,up,female,adult,cycling,594035,TRUE,FALSE,FALSE,FALSE,1,0.99999,0.7,1000000,cyszjkxkkz,azdrtklevd,,0.2,0.1,0.5,0,0.99999,1,0.5,1,1,0.99999,0,0,0,0,1.00E-05,1.23E-05,0.003560316,0,0,"false,e,e,living-chance,0.05
false,m,e,go-forward,0.05
false,m,fuå,move-toward,0.9
false,m,fuå,join,0.9
false,m,fnα,leave,0.9","false,f,mn,yellow-signal-on,0.9",nobody
anima1s,6073333,,95,0,50,75, ,9.9,circle233,FALSE,0.99999,1,up,female,adult,cycling,907015,TRUE,FALSE,FALSE,FALSE,1,0.99999,0.7,1000000,cyszjkxkkz,azdrtklevd,,0.2,0.1,0.5,0,0.99999,1,0.5,1,1,0.99999,0,0,0,0,1.00E-05,1.23E-05,0.003560316,0,0,"false,e,e,living-chance,0.05
false,m,e,go-forward,0.05
false,m,fuå,move-toward,0.9
false,m,fuå,join,0.9
false,m,fnα,leave,0.9","false,f,mn,yellow-signal-on,0.9",nobody
anima1s,8487831,,35,0,10,45, ,9.9,circle233,FALSE,0.99999,1,up,female,adult,cycling,1062775,TRUE,FALSE,FALSE,FALSE,1,0.99999,0.7,1000000,wzxzykadyu,amdltbyukz,,0.2,0.1,0.5,0,0.99999,1,0.5,1,1,0.99999,0,0,0,0,1.32E-05,1.08E-04,0.025021047,0,0,"false,e,e,living-chance,0.05
false,m,e,go-forward,0.05
false,m,fuå,move-toward,0.9
false,m,fuå,join,0.9
false,m,fnα,leave,0.9","false,f,mn,yellow-signal-on,0.9",nobody
anima1s,6661126,,85,0,70,60, ,9.9,circle233,FALSE,0.99999,1,up,female,adult,cycling,68685,TRUE,FALSE,FALSE,FALSE,1,0.99999,0.7,1000000,cyszjkxkkz,azdrtklevd,,0.2,0.1,0.5,0,0.99999,1,0.5,1,1,0.99999,0,0,0,0,1.00E-05,1.23E-05,0.003560316,0,0,"false,e,e,living-chance,0.05
false,m,e,go-forward,0.05
false,m,fuå,move-toward,0.9
false,m,fuå,join,0.9
false,m,fnα,leave,0.9","false,f,mn,yellow-signal-on,0.9",nobody
anima1s,7816790,,45,0,67.5,82.5, ,9.9,circle233,FALSE,0.99999,1,up,female,adult,cycling,345145,TRUE,FALSE,FALSE,FALSE,1,0.99999,0.7,1000000,amsztbxkvz,czxrjkfekp,,0.2,0.1,0.5,0,0.99999,1,0.5,1,1,0.99999,0,0,0,0,1.21E-05,9.99E-06,0.011077159,0,0,"false,e,e,living-chance,0.05
false,m,e,go-forward,0.05
false,m,fuå,move-toward,0.9
false,m,fuå,join,0.9
false,m,fnα,leave,0.9","false,f,mn,yellow-signal-on,0.9",nobody
anima1s,4027241,,85,0,90,55, ,9.9,circle233,FALSE,0.99999,1,up,female,adult,cycling,390965,TRUE,FALSE,FALSE,FALSE,1,0.99999,0.7,1000000,cyszjkxkkz,azdrtklevd,,0.2,0.1,0.5,0,0.99999,1,0.5,1,1,0.99999,0,0,0,0,1.00E-05,1.23E-05,0.003560316,0,0,"false,e,e,living-chance,0.05
false,m,e,go-forward,0.05
false,m,fuå,move-toward,0.9
false,m,fuå,join,0.9
false,m,fnα,leave,0.9","false,f,mn,yellow-signal-on,0.9",nobody
anima1s,7529628,,105,0,57.5,86.5, ,9.9,circle233,FALSE,0.99999,1,up,female,adult,cycling,398965,TRUE,FALSE,FALSE,FALSE,1,0.99999,0.7,1000000,amsztbxkvz,czxrjkfekp,,0.2,0.1,0.5,0,0.99999,1,0.5,1,1,0.99999,0,0,0,0,1.21E-05,9.99E-06,0.011077159,0,0,"false,e,e,living-chance,0.05
false,m,e,go-forward,0.05
false,m,fuå,move-toward,0.9
false,m,fuå,join,0.9
false,m,fnα,leave,0.9","false,f,mn,yellow-signal-on,0.9",nobody
anima1s,3352838,,65,0,49,21, ,9.9,circle233,FALSE,0.99999,1,up,female,adult,cycling,1305705,TRUE,FALSE,FALSE,FALSE,1,0.99999,0.7,1000000,cyszjkxkkz,azdrtklevd,,0.2,0.1,0.5,0,0.99999,1,0.5,1,1,0.99999,0,0,0,0,1.00E-05,1.23E-05,0.003560316,0,0,"false,e,e,living-chance,0.05
false,m,e,go-forward,0.05
false,m,fuå,move-toward,0.9
false,m,fuå,join,0.9
false,m,fnα,leave,0.9","false,f,mn,yellow-signal-on,0.9",nobody
anima1s,9214681,,85,0,80,13, ,9.9,circle233,FALSE,0.99999,1,up,female,adult,cycling,1219345,TRUE,FALSE,FALSE,FALSE,1,0.99999,0.7,1000000,wzxzykadyu,amdltbyukz,,0.2,0.1,0.5,0,0.99999,1,0.5,1,1,0.99999,0,0,0,0,1.32E-05,1.08E-04,0.025021047,0,0,"false,e,e,living-chance,0.05
false,m,e,go-forward,0.05
false,m,fuå,move-toward,0.9
false,m,fuå,join,0.9
false,m,fnα,leave,0.9","false,f,mn,yellow-signal-on,0.9",nobody
anima1s,9064024,,85,0,10,35, ,9.9,circle233,FALSE,0.99999,1,up,female,adult,cycling,662705,TRUE,FALSE,FALSE,FALSE,1,0.99999,0.7,1000000,cyszjkxkkz,azdrtklevd,,0.2,0.1,0.5,0,0.99999,1,0.5,1,1,0.99999,0,0,0,0,1.00E-05,1.23E-05,0.003560316,0,0,"false,e,e,living-chance,0.05
false,m,e,go-forward,0.05
false,m,fuå,move-toward,0.9
false,m,fuå,join,0.9
false,m,fnα,leave,0.9","false,f,mn,yellow-signal-on,0.9",nobody
anima1s,7617549,,135,0,50,35, ,9.9,circle233,FALSE,0.99999,1,up,female,adult,cycling,880035,TRUE,FALSE,FALSE,FALSE,1,0.99999,0.7,1000000,cyszjkxkkz,azdrtklevd,,0.2,0.1,0.5,0,0.99999,1,0.5,1,1,0.99999,0,0,0,0,1.00E-05,1.23E-05,0.003560316,0,0,"false,e,e,living-chance,0.05
false,m,e,go-forward,0.05
false,m,fuå,move-toward,0.9
false,m,fuå,join,0.9
false,m,fnα,leave,0.9","false,f,mn,yellow-signal-on,0.9",nobody
anima1s,3945140,,5,0,11,79, ,9.9,circle233,FALSE,0.99999,1,up,female,adult,cycling,12745,TRUE,FALSE,FALSE,FALSE,1,0.99999,0.7,1000000,cyszjkxkkz,azdrtklevd,,0.2,0.1,0.5,0,0.99999,1,0.5,1,1,0.99999,0,0,0,0,1.00E-05,1.23E-05,0.003560316,0,0,"false,e,e,living-chance,0.05
false,m,e,go-forward,0.05
false,m,fuå,move-toward,0.9
false,m,fuå,join,0.9
false,m,fnα,leave,0.9","false,f,mn,yellow-signal-on,0.9",nobody
anima1s,4719822,,55,0,50,25, ,9.9,circle233,FALSE,0.99999,1,up,female,adult,cycling,925735,TRUE,FALSE,FALSE,FALSE,1,0.99999,0.7,1000000,amsztbxkvz,czxrjkfekp,,0.2,0.1,0.5,0,0.99999,1,0.5,1,1,0.99999,0,0,0,0,1.21E-05,9.99E-06,0.011077159,0,0,"false,e,e,living-chance,0.05
false,m,e,go-forward,0.05
false,m,fuå,move-toward,0.9
false,m,fuå,join,0.9
false,m,fnα,leave,0.9","false,f,mn,yellow-signal-on,0.9",nobody
anima1s,8080848,,125,0,45,15, ,9.9,circle233,FALSE,0.99999,1,up,female,adult,cycling,740725,TRUE,FALSE,FALSE,FALSE,1,0.99999,0.7,1000000,wzxzykadyu,amdltbyukz,,0.2,0.1,0.5,0,0.99999,1,0.5,1,1,0.99999,0,0,0,0,1.32E-05,1.08E-04,0.025021047,0,0,"false,e,e,living-chance,0.05
false,m,e,go-forward,0.05
false,m,fuå,move-toward,0.9
false,m,fuå,join,0.9
false,m,fnα,leave,0.9","false,f,mn,yellow-signal-on,0.9",nobody
anima1s,5196720,,15,0,30,45, ,9.9,circle233,FALSE,0.99999,1,up,female,adult,cycling,541395,TRUE,FALSE,FALSE,FALSE,1,0.99999,0.7,1000000,wzxzykadyu,amdltbyukz,,0.2,0.1,0.5,0,0.99999,1,0.5,1,1,0.99999,0,0,0,0,1.32E-05,1.08E-04,0.025021047,0,0,"false,e,e,living-chance,0.05
false,m,e,go-forward,0.05
false,m,fuå,move-toward,0.9
false,m,fuå,join,0.9
false,m,fnα,leave,0.9","false,f,mn,yellow-signal-on,0.9",nobody
anima1s,6720728,,65,0,10,55, ,9.9,circle233,FALSE,0.99999,1,up,female,adult,cycling,536825,TRUE,FALSE,FALSE,FALSE,1,0.99999,0.7,1000000,cyszjkxkkz,azdrtklevd,,0.2,0.1,0.5,0,0.99999,1,0.5,1,1,0.99999,0,0,0,0,1.00E-05,1.23E-05,0.003560316,0,0,"false,e,e,living-chance,0.05
false,m,e,go-forward,0.05
false,m,fuå,move-toward,0.9
false,m,fuå,join,0.9
false,m,fnα,leave,0.9","false,f,mn,yellow-signal-on,0.9",nobody
anima1s,4310124,,5,0,10,70, ,9.9,circle233,FALSE,0.99999,1,up,female,adult,cycling,1329865,TRUE,FALSE,FALSE,FALSE,1,0.99999,0.7,1000000,amsztbxkvz,czxrjkfekp,,0.2,0.1,0.5,0,0.99999,1,0.5,1,1,0.99999,0,0,0,0,1.21E-05,9.99E-06,0.011077159,0,0,"false,e,e,living-chance,0.05
false,m,e,go-forward,0.05
false,m,fuå,move-toward,0.9
false,m,fuå,join,0.9
false,m,fnα,leave,0.9","false,f,mn,yellow-signal-on,0.9",nobody
anima1s,2382740,,65,0,30,25, ,9.9,circle233,FALSE,0.99999,1,up,female,adult,cycling,758165,TRUE,FALSE,FALSE,FALSE,1,0.99999,0.7,1000000,amsztbxkvz,czxrjkfekp,,0.2,0.1,0.5,0,0.99999,1,0.5,1,1,0.99999,0,0,0,0,1.21E-05,9.99E-06,0.011077159,0,0,"false,e,e,living-chance,0.05
false,m,e,go-forward,0.05
false,m,fuå,move-toward,0.9
false,m,fuå,join,0.9
false,m,fnα,leave,0.9","false,f,mn,yellow-signal-on,0.9",nobody
anima1s,1857858,,25,0,69,79, ,9.9,circle233,FALSE,0.99999,1,up,female,adult,cycling,562825,TRUE,FALSE,FALSE,FALSE,1,0.99999,0.7,1000000,cyszjkxkkz,azdrtklevd,,0.2,0.1,0.5,0,0.99999,1,0.5,1,1,0.99999,0,0,0,0,1.00E-05,1.23E-05,0.003560316,0,0,"false,e,e,living-chance,0.05
false,m,e,go-forward,0.05
false,m,fuå,move-toward,0.9
false,m,fuå,join,0.9
false,m,fnα,leave,0.9","false,f,mn,yellow-signal-on,0.9",nobody
anima1s,9967284,,105,0,50,70, ,9.9,circle233,FALSE,0.99999,1,up,female,adult,cycling,324765,TRUE,FALSE,FALSE,FALSE,1,0.99999,0.7,1000000,amsztbxkvz,czxrjkfekp,,0.2,0.1,0.5,0,0.99999,1,0.5,1,1,0.99999,0,0,0,0,1.21E-05,9.99E-06,0.011077159,0,0,"false,e,e,living-chance,0.05
false,m,e,go-forward,0.05
false,m,fuå,move-toward,0.9
false,m,fuå,join,0.9
false,m,fnα,leave,0.9","false,f,mn,yellow-signal-on,0.9",nobody
anima1s,6327339,,125,0,60,87, ,9.9,circle233,FALSE,0.99999,1,up,female,adult,cycling,971305,TRUE,FALSE,FALSE,FALSE,1,0.99999,0.7,1000000,amsztbxkvz,czxrjkfekp,,0.2,0.1,0.5,0,0.99999,1,0.5,1,1,0.99999,0,0,0,0,1.21E-05,9.99E-06,0.011077159,0,0,"false,e,e,living-chance,0.05
false,m,e,go-forward,0.05
false,m,fuå,move-toward,0.9
false,m,fuå,join,0.9
false,m,fnα,leave,0.9","false,f,mn,yellow-signal-on,0.9",nobody
anima1s,8717211,,125,0,85,15, ,9.9,circle233,FALSE,0.99999,1,up,female,adult,cycling,1234925,TRUE,FALSE,FALSE,FALSE,1,0.99999,0.7,1000000,wzxzykadyu,amdltbyukz,,0.2,0.1,0.5,0,0.99999,1,0.5,1,1,0.99999,0,0,0,0,1.32E-05,1.08E-04,0.025021047,0,0,"false,e,e,living-chance,0.05
false,m,e,go-forward,0.05
false,m,fuå,move-toward,0.9
false,m,fuå,join,0.9
false,m,fnα,leave,0.9","false,f,mn,yellow-signal-on,0.9",nobody
anima1s,1196397,,55,0,70,55, ,9.9,circle233,FALSE,0.99999,1,up,female,adult,cycling,661975,TRUE,FALSE,FALSE,FALSE,1,0.99999,0.7,1000000,cyszjkxkkz,azdrtklevd,,0.2,0.1,0.5,0,0.99999,1,0.5,1,1,0.99999,0,0,0,0,1.00E-05,1.23E-05,0.003560316,0,0,"false,e,e,living-chance,0.05
false,m,e,go-forward,0.05
false,m,fuå,move-toward,0.9
false,m,fuå,join,0.9
false,m,fnα,leave,0.9","false,f,mn,yellow-signal-on,0.9",nobody
anima1s,948508,,115,0,42.5,13.5, ,9.9,circle233,FALSE,0.99999,1,up,female,adult,cycling,876795,TRUE,FALSE,FALSE,FALSE,1,0.99999,0.7,1000000,wzxzykadyu,amdltbyukz,,0.2,0.1,0.5,0,0.99999,1,0.5,1,1,0.99999,0,0,0,0,1.32E-05,1.08E-04,0.025021047,0,0,"false,e,e,living-chance,0.05
false,m,e,go-forward,0.05
false,m,fuå,move-toward,0.9
false,m,fuå,join,0.9
false,m,fnα,leave,0.9","false,f,mn,yellow-signal-on,0.9",nobody
anima1s,3405923,,135,0,70,70, ,9.9,circle233,FALSE,0.99999,1,up,female,adult,cycling,30375,TRUE,FALSE,FALSE,FALSE,1,0.99999,0.7,1000000,amsztbxkvz,czxrjkfekp,,0.2,0.1,0.5,0,0.99999,1,0.5,1,1,0.99999,0,0,0,0,1.21E-05,9.99E-06,0.011077159,0,0,"false,e,e,living-chance,0.05
false,m,e,go-forward,0.05
false,m,fuå,move-toward,0.9
false,m,fuå,join,0.9
false,m,fnα,leave,0.9","false,f,mn,yellow-signal-on,0.9",nobody
anima1s,5042305,,85,0,27.5,82.5, ,9.9,circle233,FALSE,0.99999,1,up,female,adult,cycling,1208145,TRUE,FALSE,FALSE,FALSE,1,0.99999,0.7,1000000,cyszjkxkkz,azdrtklevd,,0.2,0.1,0.5,0,0.99999,1,0.5,1,1,0.99999,0,0,0,0,1.00E-05,1.23E-05,0.003560316,0,0,"false,e,e,living-chance,0.05
false,m,e,go-forward,0.05
false,m,fuå,move-toward,0.9
false,m,fuå,join,0.9
false,m,fnα,leave,0.9","false,f,mn,yellow-signal-on,0.9",nobody
anima1s,4414591,,95,0,30,40, ,9.9,circle233,FALSE,0.99999,1,up,female,adult,cycling,235015,TRUE,FALSE,FALSE,FALSE,1,0.99999,0.7,1000000,cyszjkxkkz,azdrtklevd,,0.2,0.1,0.5,0,0.99999,1,0.5,1,1,0.99999,0,0,0,0,1.00E-05,1.23E-05,0.003560316,0,0,"false,e,e,living-chance,0.05
false,m,e,go-forward,0.05
false,m,fuå,move-toward,0.9
false,m,fuå,join,0.9
false,m,fnα,leave,0.9","false,f,mn,yellow-signal-on,0.9",nobody
anima1s,5771315,,65,0,30,50, ,9.9,circle233,FALSE,0.99999,1,up,female,adult,cycling,121025,TRUE,FALSE,FALSE,FALSE,1,0.99999,0.7,1000000,wzxzykadyu,amdltbyukz,,0.2,0.1,0.5,0,0.99999,1,0.5,1,1,0.99999,0,0,0,0,1.32E-05,1.08E-04,0.025021047,0,0,"false,e,e,living-chance,0.05
false,m,e,go-forward,0.05
false,m,fuå,move-toward,0.9
false,m,fuå,join,0.9
false,m,fnα,leave,0.9","false,f,mn,yellow-signal-on,0.9",nobody
anima1s,6860349,,15,0,90,40, ,9.9,circle233,FALSE,0.99999,1,up,female,adult,cycling,1049315,TRUE,FALSE,FALSE,FALSE,1,0.99999,0.7,1000000,cyszjkxkkz,azdrtklevd,,0.2,0.1,0.5,0,0.99999,1,0.5,1,1,0.99999,0,0,0,0,1.00E-05,1.23E-05,0.003560316,0,0,"false,e,e,living-chance,0.05
false,m,e,go-forward,0.05
false,m,fuå,move-toward,0.9
false,m,fuå,join,0.9
false,m,fnα,leave,0.9","false,f,mn,yellow-signal-on,0.9",nobody
anima1s,5938446,,125,0,85,85, ,9.9,circle233b,FALSE,0.99999,1,up,female,adult,cycling,1139585,TRUE,FALSE,TRUE,FALSE,1,0.99999,0.7,1000000,cyszjkxkkz,azdrtklevd,,0.2,0.1,0.5,0,0.99999,1,0.5,1,1,0.99999,0,0,0,0,1.00E-05,1.23E-05,0.003560316,0,0,"false,e,e,living-chance,0.05
false,m,e,go-forward,0.05
false,m,fuå,move-toward,0.9
false,m,fuå,join,0.9
false,m,fnα,leave,0.9","false,f,mn,yellow-signal-on,0.9",nobody
anima1s,6000785,,75,0,70,45, ,9.9,circle233,FALSE,0.99999,1,up,female,adult,cycling,957535,TRUE,FALSE,FALSE,FALSE,1,0.99999,0.7,1000000,wzxzykadyu,amdltbyukz,,0.2,0.1,0.5,0,0.99999,1,0.5,1,1,0.99999,0,0,0,0,1.32E-05,1.08E-04,0.025021047,0,0,"false,e,e,living-chance,0.05
false,m,e,go-forward,0.05
false,m,fuå,move-toward,0.9
false,m,fuå,join,0.9
false,m,fnα,leave,0.9","false,f,mn,yellow-signal-on,0.9",nobody
anima1s,693346,,25,0,90,70, ,9.9,circle233,FALSE,0.99999,1,up,female,adult,cycling,862985,TRUE,FALSE,FALSE,FALSE,1,0.99999,0.7,1000000,amsztbxkvz,czxrjkfekp,,0.2,0.1,0.5,0,0.99999,1,0.5,1,1,0.99999,0,0,0,0,1.21E-05,9.99E-06,0.011077159,0,0,"false,e,e,living-chance,0.05
false,m,e,go-forward,0.05
false,m,fuå,move-toward,0.9
false,m,fuå,join,0.9
false,m,fnα,leave,0.9","false,f,mn,yellow-signal-on,0.9",nobody
anima1s,6704110,,45,0,90,35, ,9.9,circle233,FALSE,0.99999,1,up,female,adult,cycling,966605,TRUE,FALSE,FALSE,FALSE,1,0.99999,0.7,1000000,cyszjkxkkz,azdrtklevd,,0.2,0.1,0.5,0,0.99999,1,0.5,1,1,0.99999,0,0,0,0,1.00E-05,1.23E-05,0.003560316,0,0,"false,e,e,living-chance,0.05
false,m,e,go-forward,0.05
false,m,fuå,move-toward,0.9
false,m,fuå,join,0.9
false,m,fnα,leave,0.9","false,f,mn,yellow-signal-on,0.9",nobody
anima1s,4981689,,125,0,35,15, ,9.9,circle233,FALSE,0.99999,1,up,female,adult,cycling,1382345,TRUE,FALSE,FALSE,FALSE,1,0.99999,0.7,1000000,wzxzykadyu,amdltbyukz,,0.2,0.1,0.5,0,0.99999,1,0.5,1,1,0.99999,0,0,0,0,1.32E-05,1.08E-04,0.025021047,0,0,"false,e,e,living-chance,0.05
false,m,e,go-forward,0.05
false,m,fuå,move-toward,0.9
false,m,fuå,join,0.9
false,m,fnα,leave,0.9","false,f,mn,yellow-signal-on,0.9",nobody
anima1s,5497811,,15,0,10,40, ,9.9,circle233,FALSE,0.99999,1,up,female,adult,cycling,827135,TRUE,FALSE,FALSE,FALSE,1,0.99999,0.7,1000000,cyszjkxkkz,azdrtklevd,,0.2,0.1,0.5,0,0.99999,1,0.5,1,1,0.99999,0,0,0,0,1.00E-05,1.23E-05,0.003560316,0,0,"false,e,e,living-chance,0.05
false,m,e,go-forward,0.05
false,m,fuå,move-toward,0.9
false,m,fuå,join,0.9
false,m,fnα,leave,0.9","false,f,mn,yellow-signal-on,0.9",nobody
anima1s,2901081,,65,0,62.5,86.5, ,9.9,circle233,FALSE,0.99999,1,up,female,adult,cycling,917625,TRUE,FALSE,FALSE,FALSE,1,0.99999,0.7,1000000,wzxzykadyu,amdltbyukz,,0.2,0.1,0.5,0,0.99999,1,0.5,1,1,0.99999,0,0,0,0,1.32E-05,1.08E-04,0.025021047,0,0,"false,e,e,living-chance,0.05
false,m,e,go-forward,0.05
false,m,fuå,move-toward,0.9
false,m,fuå,join,0.9
false,m,fnα,leave,0.9","false,f,mn,yellow-signal-on,0.9",nobody
anima1s,4968113,,55,0,10,20, ,9.9,circle233,FALSE,0.99999,1,up,female,adult,cycling,534855,TRUE,FALSE,FALSE,FALSE,1,0.99999,0.7,1000000,cyszjkxkkz,azdrtklevd,,0.2,0.1,0.5,0,0.99999,1,0.5,1,1,0.99999,0,0,0,0,1.00E-05,1.23E-05,0.003560316,0,0,"false,e,e,living-chance,0.05
false,m,e,go-forward,0.05
false,m,fuå,move-toward,0.9
false,m,fuå,join,0.9
false,m,fnα,leave,0.9","false,f,mn,yellow-signal-on,0.9",nobody
anima1s,7102991,,95,0,87.5,17.5, ,9.9,circle233,FALSE,0.99999,1,up,female,adult,cycling,294795,TRUE,FALSE,FALSE,FALSE,1,0.99999,0.7,1000000,cyszjkxkkz,azdrtklevd,,0.2,0.1,0.5,0,0.99999,1,0.5,1,1,0.99999,0,0,0,0,1.00E-05,1.23E-05,0.003560316,0,0,"false,e,e,living-chance,0.05
false,m,e,go-forward,0.05
false,m,fuå,move-toward,0.9
false,m,fuå,join,0.9
false,m,fnα,leave,0.9","false,f,mn,yellow-signal-on,0.9",nobody
anima1s,4451332,,115,0,50,45, ,9.9,circle233,FALSE,0.99999,1,up,female,adult,cycling,874695,TRUE,FALSE,FALSE,FALSE,1,0.99999,0.7,1000000,wzxzykadyu,amdltbyukz,,0.2,0.1,0.5,0,0.99999,1,0.5,1,1,0.99999,0,0,0,0,1.32E-05,1.08E-04,0.025021047,0,0,"false,e,e,living-chance,0.05
false,m,e,go-forward,0.05
false,m,fuå,move-toward,0.9
false,m,fuå,join,0.9
false,m,fnα,leave,0.9","false,f,mn,yellow-signal-on,0.9",nobody
anima1s,4156991,,45,0,90,45, ,9.9,circle233,FALSE,0.99999,1,up,female,adult,cycling,643345,TRUE,FALSE,FALSE,FALSE,1,0.99999,0.7,1000000,wzxzykadyu,amdltbyukz,,0.2,0.1,0.5,0,0.99999,1,0.5,1,1,0.99999,0,0,0,0,1.32E-05,1.08E-04,0.025021047,0,0,"false,e,e,living-chance,0.05
false,m,e,go-forward,0.05
false,m,fuå,move-toward,0.9
false,m,fuå,join,0.9
false,m,fnα,leave,0.9","false,f,mn,yellow-signal-on,0.9",nobody
anima1s,4235258,,35,0,87.5,82.5, ,9.9,circle233,FALSE,0.99999,1,up,female,adult,cycling,1239875,TRUE,FALSE,FALSE,FALSE,1,0.99999,0.7,1000000,cyszjkxkkz,azdrtklevd,,0.2,0.1,0.5,0,0.99999,1,0.5,1,1,0.99999,0,0,0,0,1.00E-05,1.23E-05,0.003560316,0,0,"false,e,e,living-chance,0.05
false,m,e,go-forward,0.05
false,m,fuå,move-toward,0.9
false,m,fuå,join,0.9
false,m,fnα,leave,0.9","false,f,mn,yellow-signal-on,0.9",nobody
anima1s,3923966,,75,0,29,79, ,9.9,circle233,FALSE,0.99999,1,up,female,adult,cycling,82675,TRUE,FALSE,FALSE,FALSE,1,0.99999,0.7,1000000,cyszjkxkkz,azdrtklevd,,0.2,0.1,0.5,0,0.99999,1,0.5,1,1,0.99999,0,0,0,0,1.00E-05,1.23E-05,0.003560316,0,0,"false,e,e,living-chance,0.05
false,m,e,go-forward,0.05
false,m,fuå,move-toward,0.9
false,m,fuå,join,0.9
false,m,fnα,leave,0.9","false,f,mn,yellow-signal-on,0.9",nobody
anima1s,6968056,,115,0,50,50, ,9.9,circle233,FALSE,0.99999,1,up,female,adult,cycling,1064535,TRUE,FALSE,FALSE,FALSE,1,0.99999,0.7,1000000,wzxzykadyu,amdltbyukz,,0.2,0.1,0.5,0,0.99999,1,0.5,1,1,0.99999,0,0,0,0,1.32E-05,1.08E-04,0.025021047,0,0,"false,e,e,living-chance,0.05
false,m,e,go-forward,0.05
false,m,fuå,move-toward,0.9
false,m,fuå,join,0.9
false,m,fnα,leave,0.9","false,f,mn,yellow-signal-on,0.9",nobody
anima1s,9155688,,65,0,52.5,82.5, ,9.9,circle233,FALSE,0.99999,1,up,female,adult,cycling,714905,TRUE,FALSE,FALSE,FALSE,1,0.99999,0.7,1000000,amsztbxkvz,czxrjkfekp,,0.2,0.1,0.5,0,0.99999,1,0.5,1,1,0.99999,0,0,0,0,1.21E-05,9.99E-06,0.011077159,0,0,"false,e,e,living-chance,0.05
false,m,e,go-forward,0.05
false,m,fuå,move-toward,0.9
false,m,fuå,join,0.9
false,m,fnα,leave,0.9","false,f,mn,yellow-signal-on,0.9",nobody
anima1s,6016558,,35,0,40,13, ,9.9,circle233,FALSE,0.99999,1,up,female,adult,cycling,1316455,TRUE,FALSE,FALSE,FALSE,1,0.99999,0.7,1000000,wzxzykadyu,amdltbyukz,,0.2,0.1,0.5,0,0.99999,1,0.5,1,1,0.99999,0,0,0,0,1.32E-05,1.08E-04,0.025021047,0,0,"false,e,e,living-chance,0.05
false,m,e,go-forward,0.05
false,m,fuå,move-toward,0.9
false,m,fuå,join,0.9
false,m,fnα,leave,0.9","false,f,mn,yellow-signal-on,0.9",nobody
anima1s,9351203,,115,0,20,87, ,9.9,circle233,FALSE,0.99999,1,up,female,adult,cycling,765635,TRUE,FALSE,FALSE,FALSE,1,0.99999,0.7,1000000,cyszjkxkkz,azdrtklevd,,0.2,0.1,0.5,0,0.99999,1,0.5,1,1,0.99999,0,0,0,0,1.00E-05,1.23E-05,0.003560316,0,0,"false,e,e,living-chance,0.05
false,m,e,go-forward,0.05
false,m,fuå,move-toward,0.9
false,m,fuå,join,0.9
false,m,fnα,leave,0.9","false,f,mn,yellow-signal-on,0.9",nobody
anima1s,9947414,,5,0,31,21, ,9.9,circle233,FALSE,0.99999,1,up,female,adult,cycling,1360805,TRUE,FALSE,FALSE,FALSE,1,0.99999,0.7,1000000,cyszjkxkkz,azdrtklevd,,0.2,0.1,0.5,0,0.99999,1,0.5,1,1,0.99999,0,0,0,0,1.00E-05,1.23E-05,0.003560316,0,0,"false,e,e,living-chance,0.05
false,m,e,go-forward,0.05
false,m,fuå,move-toward,0.9
false,m,fuå,join,0.9
false,m,fnα,leave,0.9","false,f,mn,yellow-signal-on,0.9",nobody
anima1s,8524224,,65,0,25,85, ,9.9,circle233,FALSE,0.99999,1,up,female,adult,cycling,502105,TRUE,FALSE,FALSE,FALSE,1,0.99999,0.7,1000000,cyszjkxkkz,azdrtklevd,,0.2,0.1,0.5,0,0.99999,1,0.5,1,1,0.99999,0,0,0,0,1.00E-05,1.23E-05,0.003560316,0,0,"false,e,e,living-chance,0.05
false,m,e,go-forward,0.05
false,m,fuå,move-toward,0.9
false,m,fuå,join,0.9
false,m,fnα,leave,0.9","false,f,mn,yellow-signal-on,0.9",nobody
anima1s,4664870,,95,0,30,30, ,9.9,circle233,FALSE,0.99999,1,up,female,adult,cycling,911355,TRUE,FALSE,FALSE,FALSE,1,0.99999,0.7,1000000,amsztbxkvz,czxrjkfekp,,0.2,0.1,0.5,0,0.99999,1,0.5,1,1,0.99999,0,0,0,0,1.21E-05,9.99E-06,0.011077159,0,0,"false,e,e,living-chance,0.05
false,m,e,go-forward,0.05
false,m,fuå,move-toward,0.9
false,m,fuå,join,0.9
false,m,fnα,leave,0.9","false,f,mn,yellow-signal-on,0.9",nobody